url,rule
https://www.helenharp-realty.com/__hhr-analytics-script?v=20260828b,Disallow: /*?
https://www.helenharp-realty.com/assets/salvaged%20link%20group/HOME-OFFICE-FLEX-SPACES-600x400.webp?v=20260613,Disallow: /*?
https://www.helenharp-realty.com/images/downtown.png?v=1788853860,Disallow: /*?
https://www.helenharp-realty.com/images/south-park.png?v=1788853860,Disallow: /*?
https://www.helenharp-realty.com/images/steele-creek.png?v=1780598734,Disallow: /*?
https://www.helenharp-realty.com/images/university.png?v=1780598736,Disallow: /*?
https://www.helenharp-realty.com/mlsphoto/defaultNoPhoto/noPhotoFull.png,Disallow: /mlsphoto/
https://www.helenharp-realty.com/mlsphoto/photos/0125/5210004890f474daa24dea6e8a4bafb8/c021,Disallow: /mlsphoto/
https://www.helenharp-realty.com/mlsphoto/photos/013c/c310c95b68fe2dbd8c4756ed5f189506/c021,Disallow: /mlsphoto/
https://www.helenharp-realty.com/mlsphoto/photos/01b6/6b10cfcaab9e0e32510aa299a90878d2/c021,Disallow: /mlsphoto/
https://www.helenharp-realty.com/mlsphoto/photos/01da/ad101adac7c825823f3fcd2c887c8f07/c021,Disallow: /mlsphoto/
https://www.helenharp-realty.com/mlsphoto/photos/027f/f7202295f38e4048dad470fc554c7f84/c021,Disallow: /mlsphoto/
https://www.helenharp-realty.com/mlsphoto/photos/02ca/ac20af7e85d2b3a07c703e83870c93f0/c021,Disallow: /mlsphoto/
https://www.helenharp-realty.com/mlsphoto/photos/0301/10300d3f0ce409fca44c48c9a1cf01a9/c021,Disallow: /mlsphoto/
https://www.helenharp-realty.com/mlsphoto/photos/04c0/0c40fc23c4021d48f97a62ab5c331d37/c021,Disallow: /mlsphoto/
https://www.helenharp-realty.com/mlsphoto/photos/050f/f0500b52e9903a7f78bfabbcf8364c4f/c021,Disallow: /mlsphoto/
https://www.helenharp-realty.com/mlsphoto/photos/052b/b2502a499fe004f805b236ac2032cb08/c021,Disallow: /mlsphoto/
https://www.helenharp-realty.com/mlsphoto/photos/05f1/1f50b4d7700c32b4ffe6bce667e610b8/c021,Disallow: /mlsphoto/
https://www.helenharp-realty.com/mlsphoto/photos/0601/10601161bf60b35abb6df09aff54f101/c021,Disallow: /mlsphoto/
https://www.helenharp-realty.com/mlsphoto/photos/0663/36602666bc5bad2b62478a829f7d5336/c021,Disallow: /mlsphoto/
https://www.helenharp-realty.com/mlsphoto/photos/068d/d860eac46ef1f1e04800f0872dba39f8/c021,Disallow: /mlsphoto/
https://www.helenharp-realty.com/mlsphoto/photos/07d3/3d70eb33eaa8a8818222e3475e3414a5/c021,Disallow: /mlsphoto/
https://www.helenharp-realty.com/mlsphoto/photos/083a/a38021afdf785564e6ef7c3625dda6f6/c021,Disallow: /mlsphoto/
https://www.helenharp-realty.com/mlsphoto/photos/0885/5880729934388a159981e157b812c836/c021,Disallow: /mlsphoto/
https://www.helenharp-realty.com/mlsphoto/photos/0984/48905b21bfc34296d890818a8b6656d2/c021,Disallow: /mlsphoto/
https://www.helenharp-realty.com/mlsphoto/photos/09f2/2f90572a4abf0db6c09bf07bba132b9c/c021,Disallow: /mlsphoto/
https://www.helenharp-realty.com/mlsphoto/photos/0a13/31a09e0ab0607cc8133421bc4a8e51fb/c021,Disallow: /mlsphoto/
https://www.helenharp-realty.com/mlsphoto/photos/0b00/00b0f8260f6142396a4d815f677b356c/c021,Disallow: /mlsphoto/
https://www.helenharp-realty.com/mlsphoto/photos/0b06/60b099e78bf06d11889090b5ac970479/c021,Disallow: /mlsphoto/
https://www.helenharp-realty.com/mlsphoto/photos/0b6d/d6b0747718d94ae81739f49e25a2d878/c021,Disallow: /mlsphoto/
https://www.helenharp-realty.com/mlsphoto/photos/0b75/57b0552a28dd7a18394d2b98c5ff631a/c021,Disallow: /mlsphoto/
https://www.helenharp-realty.com/mlsphoto/photos/0bb3/3bb08476af40a5e03258728d9ae62f90/c021,Disallow: /mlsphoto/
https://www.helenharp-realty.com/mlsphoto/photos/0c38/83c072df6582be187ef348764aba5b14/c021,Disallow: /mlsphoto/
https://www.helenharp-realty.com/mlsphoto/photos/0de6/6ed04eb6564780d7259f180def3ab866/c021,Disallow: /mlsphoto/
https://www.helenharp-realty.com/mlsphoto/photos/0e18/81e0cac055d2d058c85867cb69fcd211/c021,Disallow: /mlsphoto/
https://www.helenharp-realty.com/mlsphoto/photos/0e84/48e0ab819e92ab17d97582cd13692310/c021,Disallow: /mlsphoto/
https://www.helenharp-realty.com/mlsphoto/photos/0ea2/2ae075d5563931319d1fbd6fe0002137/c021,Disallow: /mlsphoto/
https://www.helenharp-realty.com/mlsphoto/photos/0efd/dfe00b6ae2ec201a1c93846a1e98e545/c021,Disallow: /mlsphoto/
https://www.helenharp-realty.com/mlsphoto/photos/0f2b/b2f04b17b36f13a4ccec079d1454640c/c021,Disallow: /mlsphoto/
https://www.helenharp-realty.com/mlsphoto/photos/0f49/94f0a76ba6e82c9f417fd356d918aae5/c021,Disallow: /mlsphoto/
https://www.helenharp-realty.com/mlsphoto/photos/0fcc/ccf0d4a81f7d04a08d85712452c9a7ff/c021,Disallow: /mlsphoto/
https://www.helenharp-realty.com/mlsphoto/photos/0fd5/5df0ca44108e2154cc6c12986ecdc5de/c021,Disallow: /mlsphoto/
https://www.helenharp-realty.com/mlsphoto/photos/0ff3/3ff08e142a5571ff1a1a12bcb9856eb3/c021,Disallow: /mlsphoto/
https://www.helenharp-realty.com/mlsphoto/photos/1062/2601c60aea711693fdb8deaaedcd67c1/c021,Disallow: /mlsphoto/
https://www.helenharp-realty.com/mlsphoto/photos/1129/9211b73fd7d412dacb4930e685ba8d83/c021,Disallow: /mlsphoto/
https://www.helenharp-realty.com/mlsphoto/photos/11b9/9b11f4b53f681a6ef02bc8c9c6a3f824/c021,Disallow: /mlsphoto/
https://www.helenharp-realty.com/mlsphoto/photos/1265/5621a27d59a9d92627b26cc6b138be60/c021,Disallow: /mlsphoto/
https://www.helenharp-realty.com/mlsphoto/photos/139b/b931f541b0a5775de8053a75093ff1f0/c021,Disallow: /mlsphoto/
https://www.helenharp-realty.com/mlsphoto/photos/13a4/4a31d5016e06b4e4851f0b87ffe78553/c021,Disallow: /mlsphoto/
https://www.helenharp-realty.com/mlsphoto/photos/14b0/0b414268be56e173126b4ddbbb2abce8/c021,Disallow: /mlsphoto/
https://www.helenharp-realty.com/mlsphoto/photos/14eb/be411aea20dc2330e96029b757340a1d/c021,Disallow: /mlsphoto/
https://www.helenharp-realty.com/mlsphoto/photos/150f/f051146484d3cc47ccb8dbe61f2b1942/c021,Disallow: /mlsphoto/
https://www.helenharp-realty.com/mlsphoto/photos/1538/83519fd6435ee716cf7ff7468393ec46/c021,Disallow: /mlsphoto/
https://www.helenharp-realty.com/mlsphoto/photos/1609/906116d6c8238c74baf6b5c938688240/c021,Disallow: /mlsphoto/
https://www.helenharp-realty.com/mlsphoto/photos/16e9/9e614e07e826a13086f73b48c4a74461/c021,Disallow: /mlsphoto/
https://www.helenharp-realty.com/mlsphoto/photos/174b/b4718990444443c8bfb19ba08d299384/c021,Disallow: /mlsphoto/
https://www.helenharp-realty.com/mlsphoto/photos/179e/e9718434a018f875f5e70f24eca43b76/c021,Disallow: /mlsphoto/
https://www.helenharp-realty.com/mlsphoto/photos/17c3/3c71696d3be6de0398a2696082b0519e/c021,Disallow: /mlsphoto/
https://www.helenharp-realty.com/mlsphoto/photos/18fe/ef8150d40dc32b9f8af0c025864e684c/c021,Disallow: /mlsphoto/
https://www.helenharp-realty.com/mlsphoto/photos/1a63/36a1fbc24d75426b6516347cf99ce257/c021,Disallow: /mlsphoto/
https://www.helenharp-realty.com/mlsphoto/photos/1aa6/6aa1426bacba0f2f44b56da5837460ae/c021,Disallow: /mlsphoto/
https://www.helenharp-realty.com/mlsphoto/photos/1ab6/6ba1e7cbade32fd2a174dc0c36fdc0f7/c021,Disallow: /mlsphoto/
https://www.helenharp-realty.com/mlsphoto/photos/1b4f/f4b1d9664b9f7512785c09c91a96012e/c021,Disallow: /mlsphoto/
https://www.helenharp-realty.com/mlsphoto/photos/1be4/4eb181b53f9bd311f009edbd605bc8a1/c021,Disallow: /mlsphoto/
https://www.helenharp-realty.com/mlsphoto/photos/1d31/13d1ba3f884758777bb922fdfe9c6b52/c021,Disallow: /mlsphoto/
https://www.helenharp-realty.com/mlsphoto/photos/1d54/45d153c82545455ed64d4333b18a6d6d/c021,Disallow: /mlsphoto/
https://www.helenharp-realty.com/mlsphoto/photos/1d5d/d5d147b2edae69380ba8ef1d59af56a5/c021,Disallow: /mlsphoto/
https://www.helenharp-realty.com/mlsphoto/photos/1eba/abe155f597b8ebe7f744c8d3b675d4da/c021,Disallow: /mlsphoto/
https://www.helenharp-realty.com/mlsphoto/photos/1ecd/dce154c77141c028172b5140a9f69591/c021,Disallow: /mlsphoto/
https://www.helenharp-realty.com/mlsphoto/photos/1fab/baf17d28318e84b722d689947fba35c2/c021,Disallow: /mlsphoto/
https://www.helenharp-realty.com/mlsphoto/photos/20ad/da02039f229d8a7b7df8e21bed7342b3/c021,Disallow: /mlsphoto/
https://www.helenharp-realty.com/mlsphoto/photos/21d5/5d12aea223f0e2809d8ee6ff7900cae4/c021,Disallow: /mlsphoto/
https://www.helenharp-realty.com/mlsphoto/photos/21f1/1f123d4ac472f4c97c83131c541c0170/c021,Disallow: /mlsphoto/
https://www.helenharp-realty.com/mlsphoto/photos/221f/f122581ae8fac2fbce669aef6eccff44/c021,Disallow: /mlsphoto/
https://www.helenharp-realty.com/mlsphoto/photos/225f/f5225c97fe9f486e75840d02cb4d62e1/c021,Disallow: /mlsphoto/
https://www.helenharp-realty.com/mlsphoto/photos/2272/27220b5faf751aac2fff39e9de541ed5/c021,Disallow: /mlsphoto/
https://www.helenharp-realty.com/mlsphoto/photos/228a/a822ed54f21f1e19dd3feb7a331309a7/c021,Disallow: /mlsphoto/
https://www.helenharp-realty.com/mlsphoto/photos/2367/7632b52a7aa585761335489105b87833/c021,Disallow: /mlsphoto/
https://www.helenharp-realty.com/mlsphoto/photos/243f/f342fb7ac01733cb28e21284542cf8b1/c021,Disallow: /mlsphoto/
https://www.helenharp-realty.com/mlsphoto/photos/2527/7252da1ec5b8833db44fd6bb7f7943fa/c021,Disallow: /mlsphoto/
https://www.helenharp-realty.com/mlsphoto/photos/252c/c25221fcd3ec2f841012fcf3697ec9eb/c021,Disallow: /mlsphoto/
https://www.helenharp-realty.com/mlsphoto/photos/2549/9452721ffc7cfeea041534a943e6b7a9/c021,Disallow: /mlsphoto/
https://www.helenharp-realty.com/mlsphoto/photos/260a/a06215d21cc19295f556689e8ac9374e/c021,Disallow: /mlsphoto/
https://www.helenharp-realty.com/mlsphoto/photos/276b/b67231c60c5a004147e8d8a6750b7f0a/c021,Disallow: /mlsphoto/
https://www.helenharp-realty.com/mlsphoto/photos/27c6/6c72ff65cba4496740404ccc50b86c8d/c021,Disallow: /mlsphoto/
https://www.helenharp-realty.com/mlsphoto/photos/27cd/dc7248326042c759c47d28c0281f975f/c021,Disallow: /mlsphoto/
https://www.helenharp-realty.com/mlsphoto/photos/2849/94820f6db5102726f08b696fba834853/c021,Disallow: /mlsphoto/
https://www.helenharp-realty.com/mlsphoto/photos/28b6/6b820785129f7753418302d816b31f1e/c021,Disallow: /mlsphoto/
https://www.helenharp-realty.com/mlsphoto/photos/29fe/ef92eb8960d86cdaaf2d3acf652131a9/c021,Disallow: /mlsphoto/
https://www.helenharp-realty.com/mlsphoto/photos/2a9c/c9a21f5b7cd979ac1b869f3ef30fe951/c021,Disallow: /mlsphoto/
https://www.helenharp-realty.com/mlsphoto/photos/2aab/baa2cf16986c7d6af9d8fa5a54508c52/c021,Disallow: /mlsphoto/
https://www.helenharp-realty.com/mlsphoto/photos/2bc8/8cb28fcb2adb0bdf259f9029c92d9917/c021,Disallow: /mlsphoto/
https://www.helenharp-realty.com/mlsphoto/photos/2bdf/fdb2a48e3d33762f317fe7c13ff46726/c021,Disallow: /mlsphoto/
https://www.helenharp-realty.com/mlsphoto/photos/2c5a/a5c21af012ed98dfebca86ccb8f34d08/c021,Disallow: /mlsphoto/
https://www.helenharp-realty.com/mlsphoto/photos/2c79/97c2b1f7bedb424c089fd65cde11a73a/c021,Disallow: /mlsphoto/
https://www.helenharp-realty.com/mlsphoto/photos/2e49/94e298db0718e06de32474b7a825161f/c021,Disallow: /mlsphoto/
https://www.helenharp-realty.com/mlsphoto/photos/2fb6/6bf2bcae7601b9ac65dd8590ed17d40a/c021,Disallow: /mlsphoto/
https://www.helenharp-realty.com/mlsphoto/photos/3158/8513134c5f3aceaed52e04541253be87/c021,Disallow: /mlsphoto/
https://www.helenharp-realty.com/mlsphoto/photos/3184/4813d5dbd61b7ce19ac794e8022e6333/c021,Disallow: /mlsphoto/
https://www.helenharp-realty.com/mlsphoto/photos/32f2/2f237abc370577f27bd9e83466abe71a/c021,Disallow: /mlsphoto/
https://www.helenharp-realty.com/mlsphoto/photos/333d/d3331b7aa653a7c938a58846e8be14e5/c021,Disallow: /mlsphoto/
https://www.helenharp-realty.com/mlsphoto/photos/3367/7633485791257178482c61f829896287/c021,Disallow: /mlsphoto/
https://www.helenharp-realty.com/mlsphoto/photos/340f/f043b9098c5cc453308adfb0f9a292cb/c021,Disallow: /mlsphoto/
https://www.helenharp-realty.com/mlsphoto/photos/3429/924378821b7861a7af15a256e7842b39/c021,Disallow: /mlsphoto/
https://www.helenharp-realty.com/mlsphoto/photos/34ff/ff43fb93b2d1be8aeee72cba82b563bc/c021,Disallow: /mlsphoto/
https://www.helenharp-realty.com/mlsphoto/photos/357b/b753933f20d08eeadba0ab82e53e0348/c021,Disallow: /mlsphoto/
https://www.helenharp-realty.com/mlsphoto/photos/3593/3953fc3c1a83402b7336cb5151dffcc8/c021,Disallow: /mlsphoto/
https://www.helenharp-realty.com/mlsphoto/photos/36b2/2b63776cd85cf8c5ccecdf469a45eaec/c021,Disallow: /mlsphoto/
https://www.helenharp-realty.com/mlsphoto/photos/36c6/6c63589f2fae7ffa4dbc6defd7bb60a4/c021,Disallow: /mlsphoto/
https://www.helenharp-realty.com/mlsphoto/photos/37c7/7c7395cd71bb6900cfc9de925815baa4/c021,Disallow: /mlsphoto/
https://www.helenharp-realty.com/mlsphoto/photos/37fd/df73092dc884cae487709f8daa8b6fa7/c021,Disallow: /mlsphoto/
https://www.helenharp-realty.com/mlsphoto/photos/390f/f0937e09849b40f9a5ffdf1fd7f333c9/c021,Disallow: /mlsphoto/
https://www.helenharp-realty.com/mlsphoto/photos/3938/8393555fd19b618662ea7c07bca9f8c6/c021,Disallow: /mlsphoto/
https://www.helenharp-realty.com/mlsphoto/photos/3a1d/d1a3cb9245bb497c6576e94f13ea034b/c021,Disallow: /mlsphoto/
https://www.helenharp-realty.com/mlsphoto/photos/3a22/22a3e8a05d7eaa8996dbbdc5da0a5ccb/c021,Disallow: /mlsphoto/
https://www.helenharp-realty.com/mlsphoto/photos/3a76/67a384097edda87e33e965a2415384f6/c021,Disallow: /mlsphoto/
https://www.helenharp-realty.com/mlsphoto/photos/3a9b/b9a373bbebbf1f49b7e6be44a119f5a4/c021,Disallow: /mlsphoto/
https://www.helenharp-realty.com/mlsphoto/photos/3bb5/5bb36c3858099660aba105660af76aee/c021,Disallow: /mlsphoto/
https://www.helenharp-realty.com/mlsphoto/photos/3d0e/e0d36a077152bac3b5dae4bfecceb0ac/c021,Disallow: /mlsphoto/
https://www.helenharp-realty.com/mlsphoto/photos/3f2e/e2f37559d40ea4d80b6f70f412cb5d0a/c021,Disallow: /mlsphoto/
https://www.helenharp-realty.com/mlsphoto/photos/3f34/43f318cbded102f7f84f47a96305b0cf/c021,Disallow: /mlsphoto/
https://www.helenharp-realty.com/mlsphoto/photos/4095/5904c383cb78457189d80981f16c4521/c021,Disallow: /mlsphoto/
https://www.helenharp-realty.com/mlsphoto/photos/41e4/4e14abc1106b7a9c1d163755434a7639/c021,Disallow: /mlsphoto/
https://www.helenharp-realty.com/mlsphoto/photos/41f8/8f140b4b26c8d12e9e23d193792c4446/c021,Disallow: /mlsphoto/
https://www.helenharp-realty.com/mlsphoto/photos/42b7/7b24b50959f58d1aa1be303bb48cce5d/c021,Disallow: /mlsphoto/
https://www.helenharp-realty.com/mlsphoto/photos/4337/73342478492f20ed3a6159630bee6569/c021,Disallow: /mlsphoto/
https://www.helenharp-realty.com/mlsphoto/photos/434b/b4343c4d24f94d5ec899d24430e6c639/c021,Disallow: /mlsphoto/
https://www.helenharp-realty.com/mlsphoto/photos/448c/c844f4eebcdd2e92d45bd105b81135b4/c021,Disallow: /mlsphoto/
https://www.helenharp-realty.com/mlsphoto/photos/45b6/6b546061a5c774dd1334d0853116896a/c021,Disallow: /mlsphoto/
https://www.helenharp-realty.com/mlsphoto/photos/4624/42641e4ebc970de2c2254a69d9dfbabe/c021,Disallow: /mlsphoto/
https://www.helenharp-realty.com/mlsphoto/photos/46c9/9c645d59106d524514cc3bd185140a5c/c021,Disallow: /mlsphoto/
https://www.helenharp-realty.com/mlsphoto/photos/4763/367435ea011ec6984a9f6bc3930270a9/c021,Disallow: /mlsphoto/
https://www.helenharp-realty.com/mlsphoto/photos/4834/438468e76394602e9b57fa25bef51f11/c021,Disallow: /mlsphoto/
https://www.helenharp-realty.com/mlsphoto/photos/487a/a7848aa0ad9d7a04591bda073ddabf6d/c021,Disallow: /mlsphoto/
https://www.helenharp-realty.com/mlsphoto/photos/48e1/1e84316c43a7bf6a91bdcccdaa40d91a/c021,Disallow: /mlsphoto/
https://www.helenharp-realty.com/mlsphoto/photos/4aa8/8aa427b092535977811fd7f9ca8e9a8a/c021,Disallow: /mlsphoto/
https://www.helenharp-realty.com/mlsphoto/photos/4aad/daa4492106aaf3d091be092956ca397d/c021,Disallow: /mlsphoto/
https://www.helenharp-realty.com/mlsphoto/photos/4ac2/2ca4b8d3340902fa3a49c3d7e082bb5c/c021,Disallow: /mlsphoto/
https://www.helenharp-realty.com/mlsphoto/photos/4bf6/6fb4da77ec5dd3574c2071a790695c13/c021,Disallow: /mlsphoto/
https://www.helenharp-realty.com/mlsphoto/photos/4c32/23c48bee96ce8a1b0c28871627818f84/c021,Disallow: /mlsphoto/
https://www.helenharp-realty.com/mlsphoto/photos/4c40/04c434effdbe952b2c27a4f356c2a50b/c021,Disallow: /mlsphoto/
https://www.helenharp-realty.com/mlsphoto/photos/4d62/26d452a1d11d69b3848b3da7b4a8abd6/c021,Disallow: /mlsphoto/
https://www.helenharp-realty.com/mlsphoto/photos/4d8c/c8d476c043712e83c8cdd5442ab613a4/c021,Disallow: /mlsphoto/
https://www.helenharp-realty.com/mlsphoto/photos/4ddc/cdd4d6f1195c9a462a5fdd76485baed9/c021,Disallow: /mlsphoto/
https://www.helenharp-realty.com/mlsphoto/photos/4dfc/cfd42ac6df612b16edd5d5d9168d1ed4/c021,Disallow: /mlsphoto/
https://www.helenharp-realty.com/mlsphoto/photos/4ef3/3fe49750434ea54a12f6a57277e17a99/c021,Disallow: /mlsphoto/
https://www.helenharp-realty.com/mlsphoto/photos/4f8e/e8f4344caef873a04fe6a737df264859/c021,Disallow: /mlsphoto/
https://www.helenharp-realty.com/mlsphoto/photos/501f/f1055178afc143a6259c0b6a8fed8bf5/c021,Disallow: /mlsphoto/
https://www.helenharp-realty.com/mlsphoto/photos/5138/8315fcf81969e224a27799a4d6b5b516/c021,Disallow: /mlsphoto/
https://www.helenharp-realty.com/mlsphoto/photos/5247/7425343babcaa60b39a8a6205bf0657b/c021,Disallow: /mlsphoto/
https://www.helenharp-realty.com/mlsphoto/photos/5443/3445e2d87f4688b021c39fccd383566a/c021,Disallow: /mlsphoto/
https://www.helenharp-realty.com/mlsphoto/photos/5528/8255a8658e3b32aefee7fe9ee06ace5c/c021,Disallow: /mlsphoto/
https://www.helenharp-realty.com/mlsphoto/photos/55c7/7c5533dfcc5d11ebd8bc2f7af09c8f05/c021,Disallow: /mlsphoto/
https://www.helenharp-realty.com/mlsphoto/photos/56e3/3e6512ae22d14cc1fe56cc3e7ae31371/c021,Disallow: /mlsphoto/
https://www.helenharp-realty.com/mlsphoto/photos/5703/3075989845ad0fd29f48994d9cd5d1df/c021,Disallow: /mlsphoto/
https://www.helenharp-realty.com/mlsphoto/photos/578c/c8752c3e656afecc9fbc31bcc57a702f/c021,Disallow: /mlsphoto/
https://www.helenharp-realty.com/mlsphoto/photos/58f0/0f85ba18e355159ff3f4642931f38e99/c021,Disallow: /mlsphoto/
https://www.helenharp-realty.com/mlsphoto/photos/5927/7295601b52c5f36ad912f00ff314246a/c021,Disallow: /mlsphoto/
https://www.helenharp-realty.com/mlsphoto/photos/5947/74956b20c05daeeabf240ea18f7c08ee/c021,Disallow: /mlsphoto/
https://www.helenharp-realty.com/mlsphoto/photos/5a02/20a5b7a2c6d482e76b9f4d82a0f1e135/c021,Disallow: /mlsphoto/
https://www.helenharp-realty.com/mlsphoto/photos/5b44/44b56db619fb7243b31db3e90384c9a8/c021,Disallow: /mlsphoto/
https://www.helenharp-realty.com/mlsphoto/photos/5b44/44b59b6378b38403bfd66be27be99072/c021,Disallow: /mlsphoto/
https://www.helenharp-realty.com/mlsphoto/photos/5b61/16b5c40ac47ea2cf2cfa9b02f7cabc3c/c021,Disallow: /mlsphoto/
https://www.helenharp-realty.com/mlsphoto/photos/5b78/87b57d5351a251775362263453cf5ceb/c021,Disallow: /mlsphoto/
https://www.helenharp-realty.com/mlsphoto/photos/5be5/5eb5f2d5619cbb358184960e734b692a/c021,Disallow: /mlsphoto/
https://www.helenharp-realty.com/mlsphoto/photos/5d3c/c3d5d2929d67f5af82cdb50f8e673eec/c021,Disallow: /mlsphoto/
https://www.helenharp-realty.com/mlsphoto/photos/5d77/77d51847f936b7db9296a909c9813031/c021,Disallow: /mlsphoto/
https://www.helenharp-realty.com/mlsphoto/photos/5d93/39d5f1d214d88fe1c5f62a401a6ce829/c021,Disallow: /mlsphoto/
https://www.helenharp-realty.com/mlsphoto/photos/5dae/ead58bedc7da1433fd39a3e99caee5be/c021,Disallow: /mlsphoto/
https://www.helenharp-realty.com/mlsphoto/photos/5e7e/e7e5bbfb40dfa516f309a918090943e2/c021,Disallow: /mlsphoto/
https://www.helenharp-realty.com/mlsphoto/photos/5edf/fde58a09d4ebe57423d83fa73c9e64e8/c021,Disallow: /mlsphoto/
https://www.helenharp-realty.com/mlsphoto/photos/5f11/11f5da6d6714c64f2512088a8e45ba82/c021,Disallow: /mlsphoto/
https://www.helenharp-realty.com/mlsphoto/photos/6035/53061c7562b36ad6d84922abb620242b/c021,Disallow: /mlsphoto/
https://www.helenharp-realty.com/mlsphoto/photos/607e/e706adedfc34f1f39985c94aa0e48e14/c021,Disallow: /mlsphoto/
https://www.helenharp-realty.com/mlsphoto/photos/608b/b806fe201c16202eb12fa4084f2117f1/c021,Disallow: /mlsphoto/
https://www.helenharp-realty.com/mlsphoto/photos/6096/690656a0bba86d2a51e7eec6e033df5b/c021,Disallow: /mlsphoto/
https://www.helenharp-realty.com/mlsphoto/photos/60cf/fc06ecb678eda8f541ff520f7d127066/c021,Disallow: /mlsphoto/
https://www.helenharp-realty.com/mlsphoto/photos/60f4/4f06aaf574d3ff0567d5422df8a71c20/c021,Disallow: /mlsphoto/
https://www.helenharp-realty.com/mlsphoto/photos/60fe/ef06adba81436f552032650733a4337c/c021,Disallow: /mlsphoto/
https://www.helenharp-realty.com/mlsphoto/photos/6115/51161c7afb8877bcfa899734599875a7/c021,Disallow: /mlsphoto/
https://www.helenharp-realty.com/mlsphoto/photos/61aa/aa1645480ec0b094466d0cf81e25680e/c021,Disallow: /mlsphoto/
https://www.helenharp-realty.com/mlsphoto/photos/61d0/0d16cf13f5594735bcae66cae0eb3644/c021,Disallow: /mlsphoto/
https://www.helenharp-realty.com/mlsphoto/photos/61e6/6e169bf817c465d93d6ae149b1a1fe2e/c021,Disallow: /mlsphoto/
https://www.helenharp-realty.com/mlsphoto/photos/63f5/5f367438be46d0bdfb1533b8b0c31c07/c021,Disallow: /mlsphoto/
https://www.helenharp-realty.com/mlsphoto/photos/6424/424633356b92a8b5ba89bcc144f069c3/c021,Disallow: /mlsphoto/
https://www.helenharp-realty.com/mlsphoto/photos/643f/f34615e09b702920910c22c1186a7f29/c021,Disallow: /mlsphoto/
https://www.helenharp-realty.com/mlsphoto/photos/646c/c6466e0859f1d09d5d4983f04f85a7bb/c021,Disallow: /mlsphoto/
https://www.helenharp-realty.com/mlsphoto/photos/6488/8846ecf4d64ed9781dddb92783a436c5/c021,Disallow: /mlsphoto/
https://www.helenharp-realty.com/mlsphoto/photos/6492/2946724630f40520db07e1473b38df6a/c021,Disallow: /mlsphoto/
https://www.helenharp-realty.com/mlsphoto/photos/65c7/7c56773f1cd5897795ca45a88067eaa5/c021,Disallow: /mlsphoto/
https://www.helenharp-realty.com/mlsphoto/photos/6689/986688c7a25bc946747ca32a36262dac/c021,Disallow: /mlsphoto/
https://www.helenharp-realty.com/mlsphoto/photos/6693/39664771b8b4e035c14e10cab528d733/c021,Disallow: /mlsphoto/
https://www.helenharp-realty.com/mlsphoto/photos/66a0/0a660fd6f048997cefb161673d1de2e6/c021,Disallow: /mlsphoto/
https://www.helenharp-realty.com/mlsphoto/photos/67a0/0a76a8efaa5de7de83dc4f2860939b98/c021,Disallow: /mlsphoto/
https://www.helenharp-realty.com/mlsphoto/photos/6806/6086bdf999f06a44d321bea9cf3471b1/c021,Disallow: /mlsphoto/
https://www.helenharp-realty.com/mlsphoto/photos/681f/f1861c8c39690be90529b9a262430c19/c021,Disallow: /mlsphoto/
https://www.helenharp-realty.com/mlsphoto/photos/684a/a4861296675ad19bebd335e4d8ed321a/c021,Disallow: /mlsphoto/
https://www.helenharp-realty.com/mlsphoto/photos/685e/e586eaf72a4df57817f07c7b4a33c614/c021,Disallow: /mlsphoto/
https://www.helenharp-realty.com/mlsphoto/photos/6892/2986c5aa31c2cc4cf3df72a567543759/c021,Disallow: /mlsphoto/
https://www.helenharp-realty.com/mlsphoto/photos/69de/ed96ef1a4aef6781ea0dff1bc809e8bc/c021,Disallow: /mlsphoto/
https://www.helenharp-realty.com/mlsphoto/photos/69fb/bf96ebac030dc5acd53eef5890c33346/c021,Disallow: /mlsphoto/
https://www.helenharp-realty.com/mlsphoto/photos/69ff/ff966803060d9b5efbfb1f5c2d95e6f4/c021,Disallow: /mlsphoto/
https://www.helenharp-realty.com/mlsphoto/photos/6a51/15a68ff548a0280eeafafd7715f42ae0/c021,Disallow: /mlsphoto/
https://www.helenharp-realty.com/mlsphoto/photos/6d6f/f6d627cd6d347e673390f882420ecdbb/c021,Disallow: /mlsphoto/
https://www.helenharp-realty.com/mlsphoto/photos/6df6/6fd635e0fbba2715d0b87e64b1360891/c021,Disallow: /mlsphoto/
https://www.helenharp-realty.com/mlsphoto/photos/6e9d/d9e65edf843519a9939ab641b46cc3f2/c021,Disallow: /mlsphoto/
https://www.helenharp-realty.com/mlsphoto/photos/6f16/61f67defd27a1526d91edbb5b359ee22/c021,Disallow: /mlsphoto/
https://www.helenharp-realty.com/mlsphoto/photos/6f17/71f6487d97fdd64c8b9207a89660aca9/c021,Disallow: /mlsphoto/
https://www.helenharp-realty.com/mlsphoto/photos/6f70/07f6d5a14741e043f16007215f3bed50/c021,Disallow: /mlsphoto/
https://www.helenharp-realty.com/mlsphoto/photos/6fc9/9cf65b71dc2f3acf7570b4a4dc1a4d21/c021,Disallow: /mlsphoto/
https://www.helenharp-realty.com/mlsphoto/photos/7108/8017c29312fff515f5c29e8e9e08e260/c021,Disallow: /mlsphoto/
https://www.helenharp-realty.com/mlsphoto/photos/711a/a117bd6158680fa75a13c69e9c4010c4/c021,Disallow: /mlsphoto/
https://www.helenharp-realty.com/mlsphoto/photos/715f/f51715aa900845f1d2d88ddb455b9d0f/c021,Disallow: /mlsphoto/
https://www.helenharp-realty.com/mlsphoto/photos/71c1/1c178336f166c4ccb261a31e63a6cee8/c021,Disallow: /mlsphoto/
https://www.helenharp-realty.com/mlsphoto/photos/72d8/8d2749f90d60612bec9b742c10748f06/c021,Disallow: /mlsphoto/
https://www.helenharp-realty.com/mlsphoto/photos/7395/5937000c790342f6a8c40560da73b908/c021,Disallow: /mlsphoto/
https://www.helenharp-realty.com/mlsphoto/photos/7496/69477211c1b88da53dc4305c3fe1dc84/c021,Disallow: /mlsphoto/
https://www.helenharp-realty.com/mlsphoto/photos/74c7/7c4788c169024730244ea1b9273cdec8/c021,Disallow: /mlsphoto/
https://www.helenharp-realty.com/mlsphoto/photos/74ea/ae4785c88781e73420f783725457a0c4/c021,Disallow: /mlsphoto/
https://www.helenharp-realty.com/mlsphoto/photos/7506/605734e2fddb4c1040504aa69b4ba9d5/c021,Disallow: /mlsphoto/
https://www.helenharp-realty.com/mlsphoto/photos/750f/f057b5b30c8a53a3f114e1819e3f114a/c021,Disallow: /mlsphoto/
https://www.helenharp-realty.com/mlsphoto/photos/75c4/4c57e41dad6f4f75fc6b40d7aaff098d/c021,Disallow: /mlsphoto/
https://www.helenharp-realty.com/mlsphoto/photos/7600/0067c46fdf060672752cdb6b95722359/c021,Disallow: /mlsphoto/
https://www.helenharp-realty.com/mlsphoto/photos/76f6/6f675efa3db307e74554443629fce465/c021,Disallow: /mlsphoto/
https://www.helenharp-realty.com/mlsphoto/photos/77e1/1e77ac7fc9d5417fcef69428570709d8/c021,Disallow: /mlsphoto/
https://www.helenharp-realty.com/mlsphoto/photos/7834/4387858945aaec3d7e262dde150d34b0/c021,Disallow: /mlsphoto/
https://www.helenharp-realty.com/mlsphoto/photos/785d/d587e0c3be17f90502f840af5b18bc16/c021,Disallow: /mlsphoto/
https://www.helenharp-realty.com/mlsphoto/photos/78a6/6a8723ebac538b377f71027da26f308f/c021,Disallow: /mlsphoto/
https://www.helenharp-realty.com/mlsphoto/photos/78dc/cd87437addaa22c738f5289d97f09be8/c021,Disallow: /mlsphoto/
https://www.helenharp-realty.com/mlsphoto/photos/7a29/92a7104986487300ccb5e684a62de86c/c021,Disallow: /mlsphoto/
https://www.helenharp-realty.com/mlsphoto/photos/7c13/31c7071cf457306732a905a8c5a41c47/c021,Disallow: /mlsphoto/
https://www.helenharp-realty.com/mlsphoto/photos/7d14/41d76067e6764659262677275b6d81b0/c021,Disallow: /mlsphoto/
https://www.helenharp-realty.com/mlsphoto/photos/7d46/64d768298e40ea55bee67a0843e49862/c021,Disallow: /mlsphoto/
https://www.helenharp-realty.com/mlsphoto/photos/7e0f/f0e7b68cdc6e09645fe42f92592410ce/c021,Disallow: /mlsphoto/
https://www.helenharp-realty.com/mlsphoto/photos/7e46/64e7a106e5c836584eb7e357943ebbe6/c021,Disallow: /mlsphoto/
https://www.helenharp-realty.com/mlsphoto/photos/7e9a/a9e769602a21cf922fa41f3c564c1edb/c021,Disallow: /mlsphoto/
https://www.helenharp-realty.com/mlsphoto/photos/7ea2/2ae79200f69b1369f7c2de881bd0fb31/c021,Disallow: /mlsphoto/
https://www.helenharp-realty.com/mlsphoto/photos/7eb3/3be750ec5c1d34c1b9c5b68ea8ea5523/c021,Disallow: /mlsphoto/
https://www.helenharp-realty.com/mlsphoto/photos/805f/f5089862024fd80870e354b23b650093/c021,Disallow: /mlsphoto/
https://www.helenharp-realty.com/mlsphoto/photos/807b/b7087945848bc72f65b8b3119edcb7d7/c021,Disallow: /mlsphoto/
https://www.helenharp-realty.com/mlsphoto/photos/80f4/4f0800117373e3088fdc4bce3256ef76/c021,Disallow: /mlsphoto/
https://www.helenharp-realty.com/mlsphoto/photos/822c/c2287dfc50ea35534391ef3a753553bb/c021,Disallow: /mlsphoto/
https://www.helenharp-realty.com/mlsphoto/photos/8242/2428f6856b71f43cf69e9cd2d0e885fb/c021,Disallow: /mlsphoto/
https://www.helenharp-realty.com/mlsphoto/photos/834f/f4384ff1487e13fc77268b4f0ed4e25b/c021,Disallow: /mlsphoto/
https://www.helenharp-realty.com/mlsphoto/photos/83fe/ef382a881d7108dbfa56308f96007321/c021,Disallow: /mlsphoto/
https://www.helenharp-realty.com/mlsphoto/photos/8451/154865ecd1fbf146356e75dc037dcd7f/c021,Disallow: /mlsphoto/
https://www.helenharp-realty.com/mlsphoto/photos/84b7/7b4818feee04a3377c01b24915ad0668/c021,Disallow: /mlsphoto/
https://www.helenharp-realty.com/mlsphoto/photos/84bb/bb48b4effce4b1e4300e1d3945abf847/c021,Disallow: /mlsphoto/
https://www.helenharp-realty.com/mlsphoto/photos/85b2/2b58e734b62a59ea931952ae1af718d4/c021,Disallow: /mlsphoto/
https://www.helenharp-realty.com/mlsphoto/photos/85ca/ac58ff15be491812d6251ee636582dc7/c021,Disallow: /mlsphoto/
https://www.helenharp-realty.com/mlsphoto/photos/87be/eb78cc73282fa006df1a8a1337062d01/c021,Disallow: /mlsphoto/
https://www.helenharp-realty.com/mlsphoto/photos/8855/5588856fca66f0b16b38faa8310d02bf/c021,Disallow: /mlsphoto/
https://www.helenharp-realty.com/mlsphoto/photos/887f/f78882fef1d1b54a3ded9bd1e7abe732/c021,Disallow: /mlsphoto/
https://www.helenharp-realty.com/mlsphoto/photos/88a7/7a88609f0d35843e87e33625ba5ea1a6/c021,Disallow: /mlsphoto/
https://www.helenharp-realty.com/mlsphoto/photos/88c3/3c885100cef484b7ebc4dc3e2c74d824/c021,Disallow: /mlsphoto/
https://www.helenharp-realty.com/mlsphoto/photos/88f4/4f88da31bbf639ba50846e3bb81c8ce2/c021,Disallow: /mlsphoto/
https://www.helenharp-realty.com/mlsphoto/photos/8996/69985679f7ae67ee65a765e1e7d0c9aa/c021,Disallow: /mlsphoto/
https://www.helenharp-realty.com/mlsphoto/photos/89b5/5b9867ecfcbcef29efcb5a2d3bcef55c/c021,Disallow: /mlsphoto/
https://www.helenharp-realty.com/mlsphoto/photos/89d9/9d98e836e98ac2ba6c88abd4a7766bfd/c021,Disallow: /mlsphoto/
https://www.helenharp-realty.com/mlsphoto/photos/8b73/37b88cd00486000c658d5da0852d579f/c021,Disallow: /mlsphoto/
https://www.helenharp-realty.com/mlsphoto/photos/8bfd/dfb85f24ba139782712547430b5ad547/c021,Disallow: /mlsphoto/
https://www.helenharp-realty.com/mlsphoto/photos/8c68/86c8347c14f54a45b0829673946b9f0e/c021,Disallow: /mlsphoto/
https://www.helenharp-realty.com/mlsphoto/photos/8c8c/c8c82843e2eef3e3ce9da88e0dae4dfb/c021,Disallow: /mlsphoto/
https://www.helenharp-realty.com/mlsphoto/photos/8c9a/a9c8e728bb26bc916b3a5f28598b7fa2/c021,Disallow: /mlsphoto/
https://www.helenharp-realty.com/mlsphoto/photos/8d05/50d8b348aab3eb77e6f9deb3bd04d5e8/c021,Disallow: /mlsphoto/
https://www.helenharp-realty.com/mlsphoto/photos/8df3/3fd8bed4ac560f4979cc63921817313c/c021,Disallow: /mlsphoto/
https://www.helenharp-realty.com/mlsphoto/photos/8e3c/c3e8c951da367c098a7695f1e4589959/c021,Disallow: /mlsphoto/
https://www.helenharp-realty.com/mlsphoto/photos/8f4c/c4f89a59abf2b3ca22793f049b374e17/c021,Disallow: /mlsphoto/
https://www.helenharp-realty.com/mlsphoto/photos/8fd3/3df8d2e049261bdf106a883d548fcc72/c021,Disallow: /mlsphoto/
https://www.helenharp-realty.com/mlsphoto/photos/90a2/2a093b05a75b387bcf7556f5dc6c35a5/c021,Disallow: /mlsphoto/
https://www.helenharp-realty.com/mlsphoto/photos/90d3/3d09a708a9686b9d654b749bd6c6c605/c021,Disallow: /mlsphoto/
https://www.helenharp-realty.com/mlsphoto/photos/90e4/4e09316eba6fb643464114b95644e6ef/c021,Disallow: /mlsphoto/
https://www.helenharp-realty.com/mlsphoto/photos/9155/5519c6d9c0ff0ac2635a0884508e8256/c021,Disallow: /mlsphoto/
https://www.helenharp-realty.com/mlsphoto/photos/9180/08196ea9961a4691c23d9f3563ee463d/c021,Disallow: /mlsphoto/
https://www.helenharp-realty.com/mlsphoto/photos/924e/e42974a62c6b8118cd29044e6e6295ac/c021,Disallow: /mlsphoto/
https://www.helenharp-realty.com/mlsphoto/photos/929a/a929394acd02fa11f0484cc10f7d97aa/c021,Disallow: /mlsphoto/
https://www.helenharp-realty.com/mlsphoto/photos/9322/22398d610fa75753bde657dadeec58b4/c021,Disallow: /mlsphoto/
https://www.helenharp-realty.com/mlsphoto/photos/9375/573976f8bf142e2185155f66cfc6ccf0/c021,Disallow: /mlsphoto/
https://www.helenharp-realty.com/mlsphoto/photos/93ba/ab394f991cb08de21f7ef6af5b77dca3/c021,Disallow: /mlsphoto/
https://www.helenharp-realty.com/mlsphoto/photos/93c4/4c393f367bfc67286231e402a4d9bfc2/c021,Disallow: /mlsphoto/
https://www.helenharp-realty.com/mlsphoto/photos/93e7/7e39ccd0b4ad52099c1b1ed797ed6ede/c021,Disallow: /mlsphoto/
https://www.helenharp-realty.com/mlsphoto/photos/9402/20496437160f25bc30c9bb1816f5208d/c021,Disallow: /mlsphoto/
https://www.helenharp-realty.com/mlsphoto/photos/941e/e1491320c995594307d49c52d4f4592b/c021,Disallow: /mlsphoto/
https://www.helenharp-realty.com/mlsphoto/photos/947e/e749fee5ddf570d5e12db033f02b2d60/c021,Disallow: /mlsphoto/
https://www.helenharp-realty.com/mlsphoto/photos/94df/fd4987bb2ce51e1647ca20cec7aa7911/c021,Disallow: /mlsphoto/
https://www.helenharp-realty.com/mlsphoto/photos/9547/7459fb76bcac038a7ec4ea253fe7ed31/c021,Disallow: /mlsphoto/
https://www.helenharp-realty.com/mlsphoto/photos/95f0/0f590f98fa29effe6402eae386806053/c021,Disallow: /mlsphoto/
https://www.helenharp-realty.com/mlsphoto/photos/961f/f1698f0a0b23ba5023ac7c7ecade74a7/c021,Disallow: /mlsphoto/
https://www.helenharp-realty.com/mlsphoto/photos/967e/e7694c3161040ec7da67fda2bb698ee9/c021,Disallow: /mlsphoto/
https://www.helenharp-realty.com/mlsphoto/photos/96d0/0d698249d90030f345aa92f3debf2bc6/c021,Disallow: /mlsphoto/
https://www.helenharp-realty.com/mlsphoto/photos/9700/0079fbf9cf310ddaa21d87ea44598888/c021,Disallow: /mlsphoto/
https://www.helenharp-realty.com/mlsphoto/photos/9786/6879e332babb5aaf5b3fbfe005fabf03/c021,Disallow: /mlsphoto/
https://www.helenharp-realty.com/mlsphoto/photos/979e/e979d5864faadc4587a51726c7f1c598/c021,Disallow: /mlsphoto/
https://www.helenharp-realty.com/mlsphoto/photos/97be/eb793546b8515945220680bfd276eb8d/c021,Disallow: /mlsphoto/
https://www.helenharp-realty.com/mlsphoto/photos/980f/f0897d0add9a4ad1baf5a6d610b52c63/c021,Disallow: /mlsphoto/
https://www.helenharp-realty.com/mlsphoto/photos/9855/558923ca6b455262983bdcf594dbc480/c021,Disallow: /mlsphoto/
https://www.helenharp-realty.com/mlsphoto/photos/9903/309966dbbd4ee773787d221cb74bf76c/c021,Disallow: /mlsphoto/
https://www.helenharp-realty.com/mlsphoto/photos/9939/9399d4e4f47d656385bd14ed2eaaaa32/c021,Disallow: /mlsphoto/
https://www.helenharp-realty.com/mlsphoto/photos/997a/a799e3dbf045f5eb784486fd8fe228d3/c021,Disallow: /mlsphoto/
https://www.helenharp-realty.com/mlsphoto/photos/99ce/ec990c8b26f18b453e1c84f67d7d2606/c021,Disallow: /mlsphoto/
https://www.helenharp-realty.com/mlsphoto/photos/9a6d/d6a9249451f661c12361fdf9233b9322/c021,Disallow: /mlsphoto/
https://www.helenharp-realty.com/mlsphoto/photos/9ae2/2ea9a7d9673f796c073084d99ceedb35/c021,Disallow: /mlsphoto/
https://www.helenharp-realty.com/mlsphoto/photos/9c3f/f3c949d1faee180e34d0160a7ff440fd/c021,Disallow: /mlsphoto/
https://www.helenharp-realty.com/mlsphoto/photos/9cd7/7dc9b15f8dc8e826a5f5bd7034f3e75a/c021,Disallow: /mlsphoto/
https://www.helenharp-realty.com/mlsphoto/photos/9d0a/a0d9712dcade8533c01ac0d6c1fe508c/c021,Disallow: /mlsphoto/
https://www.helenharp-realty.com/mlsphoto/photos/9db7/7bd9518f9bfaf2d2c2ed025c60740fbe/c021,Disallow: /mlsphoto/
https://www.helenharp-realty.com/mlsphoto/photos/9e86/68e9d735ddefc7fc37b4bb62033331b9/c021,Disallow: /mlsphoto/
https://www.helenharp-realty.com/mlsphoto/photos/9ea0/0ae9c7983a1de11635b2727196d48006/c021,Disallow: /mlsphoto/
https://www.helenharp-realty.com/mlsphoto/photos/9f2f/f2f93f3bacfcdc5dc5e16b12e29077db/c021,Disallow: /mlsphoto/
https://www.helenharp-realty.com/mlsphoto/photos/9f44/44f9f9f4493c0f14e146e2049beb23a3/c021,Disallow: /mlsphoto/
https://www.helenharp-realty.com/mlsphoto/photos/9f56/65f9e9ad3c66e80e7540da4134899cd7/c021,Disallow: /mlsphoto/
https://www.helenharp-realty.com/mlsphoto/photos/a08a/a80a13218cc15421e7360b79d1c80f9f/c021,Disallow: /mlsphoto/
https://www.helenharp-realty.com/mlsphoto/photos/a29a/a92a9b7b3b6ca3025eaf27e816c692b8/c021,Disallow: /mlsphoto/
https://www.helenharp-realty.com/mlsphoto/photos/a315/513a0aa6a99ef2b3844afaf6881db76b/c021,Disallow: /mlsphoto/
https://www.helenharp-realty.com/mlsphoto/photos/a358/853afbf5d46c7f3fb8e8da23bd4aa82b/c021,Disallow: /mlsphoto/
https://www.helenharp-realty.com/mlsphoto/photos/a39d/d93ac90ff03d86081e3e695db6f02de0/c021,Disallow: /mlsphoto/
https://www.helenharp-realty.com/mlsphoto/photos/a3e3/3e3a0c589eec1ddd6c5f57d76fb3f5a4/c021,Disallow: /mlsphoto/
https://www.helenharp-realty.com/mlsphoto/photos/a42b/b24abaec2d8fc0041cdbd80b6d025d1b/c021,Disallow: /mlsphoto/
https://www.helenharp-realty.com/mlsphoto/photos/a431/134ad8f1fd16cb73f235f8433e2c437a/c021,Disallow: /mlsphoto/
https://www.helenharp-realty.com/mlsphoto/photos/a560/065a48fb4498aeb1186c9e5784942b2f/c021,Disallow: /mlsphoto/
https://www.helenharp-realty.com/mlsphoto/photos/a5ab/ba5ab7155125cd1d18b4ec87cc25fd5b/c021,Disallow: /mlsphoto/
https://www.helenharp-realty.com/mlsphoto/photos/a60f/f06a464b69fa9be29ea02e9b19dc446a/c021,Disallow: /mlsphoto/
https://www.helenharp-realty.com/mlsphoto/photos/a61b/b16a9ea287876565b2de811b584a18b2/c021,Disallow: /mlsphoto/
https://www.helenharp-realty.com/mlsphoto/photos/a943/349aa748c95cc3c7dd4886b1bb034473/c021,Disallow: /mlsphoto/
https://www.helenharp-realty.com/mlsphoto/photos/a9b3/3b9a393ec17d7178a237ace66e75f6cd/c021,Disallow: /mlsphoto/
https://www.helenharp-realty.com/mlsphoto/photos/a9d5/5d9a50f964f591daee95f830b69934fb/c021,Disallow: /mlsphoto/
https://www.helenharp-realty.com/mlsphoto/photos/aa43/34aa88d9889364afd94d5eceb3244a9f/c021,Disallow: /mlsphoto/
https://www.helenharp-realty.com/mlsphoto/photos/aab2/2baa5651be89fcbaaee37e980a8cb2b2/c021,Disallow: /mlsphoto/
https://www.helenharp-realty.com/mlsphoto/photos/ab1e/e1bab29097192f0047f40ae9d0010f62/c021,Disallow: /mlsphoto/
https://www.helenharp-realty.com/mlsphoto/photos/ac28/82ca94b401058a030b6f32a0d316388b/c021,Disallow: /mlsphoto/
https://www.helenharp-realty.com/mlsphoto/photos/ac69/96ca29d57879b2adf31af0e50fb97845/c021,Disallow: /mlsphoto/
https://www.helenharp-realty.com/mlsphoto/photos/ae0f/f0ea1a130ad889927ca0ceb1c018c9c5/c021,Disallow: /mlsphoto/
https://www.helenharp-realty.com/mlsphoto/photos/ae34/43eac1385c43b080844dcd78126535ce/c021,Disallow: /mlsphoto/
https://www.helenharp-realty.com/mlsphoto/photos/aeea/aeeac171aafc3cabbc73ec72b5e62a93/c021,Disallow: /mlsphoto/
https://www.helenharp-realty.com/mlsphoto/photos/af18/81fa5e4279d1f11a1375230fda26c7e3/c021,Disallow: /mlsphoto/
https://www.helenharp-realty.com/mlsphoto/photos/af35/53fa9bddaa98c5b0bfb8645f8ad575c6/c021,Disallow: /mlsphoto/
https://www.helenharp-realty.com/mlsphoto/photos/af5b/b5fa697de98ec163b692a56a5d0fd22d/c021,Disallow: /mlsphoto/
https://www.helenharp-realty.com/mlsphoto/photos/af77/77faeeef81cdd6eb129f3636c247fea8/c021,Disallow: /mlsphoto/
https://www.helenharp-realty.com/mlsphoto/photos/b0e4/4e0be45fdb75742882ee749d8798cd20/c021,Disallow: /mlsphoto/
https://www.helenharp-realty.com/mlsphoto/photos/b148/841bb3c0be7417b29f070a4dd0597856/c021,Disallow: /mlsphoto/
https://www.helenharp-realty.com/mlsphoto/photos/b1e6/6e1b8f00292034a3fdea908d03de50f5/c021,Disallow: /mlsphoto/
https://www.helenharp-realty.com/mlsphoto/photos/b265/562b214344286d31bf4d52029f3f874b/c021,Disallow: /mlsphoto/
https://www.helenharp-realty.com/mlsphoto/photos/b377/773b471f0a0d03929b60c63a38d89bdf/c021,Disallow: /mlsphoto/
https://www.helenharp-realty.com/mlsphoto/photos/b3b5/5b3b3a7684642a06784256c9fad80035/c021,Disallow: /mlsphoto/
https://www.helenharp-realty.com/mlsphoto/photos/b40f/f04bc3d72c5869d01f02dd2fdb7feb9f/c021,Disallow: /mlsphoto/
https://www.helenharp-realty.com/mlsphoto/photos/b441/144be4a6073bdd879090aaa91b7b2e2a/c021,Disallow: /mlsphoto/
https://www.helenharp-realty.com/mlsphoto/photos/b4a9/9a4b121d45a75bc2b852f694eeccc9c6/c021,Disallow: /mlsphoto/
https://www.helenharp-realty.com/mlsphoto/photos/b4eb/be4bfa18cc8ebcc833f9c0955def4fbc/c021,Disallow: /mlsphoto/
https://www.helenharp-realty.com/mlsphoto/photos/b513/315b9043af2cc9f80f8df46068d5d041/c021,Disallow: /mlsphoto/
https://www.helenharp-realty.com/mlsphoto/photos/b626/626b728a7fed0318d4a1c2ec2f5f66db/c021,Disallow: /mlsphoto/
https://www.helenharp-realty.com/mlsphoto/photos/b630/036b63a6d078412ad69c76bce17a2ade/c021,Disallow: /mlsphoto/
https://www.helenharp-realty.com/mlsphoto/photos/b675/576b2103d78cf2549b93708927fdb8b5/c021,Disallow: /mlsphoto/
https://www.helenharp-realty.com/mlsphoto/photos/b6b9/9b6b5a5e39bdba979146d16a0aac9512/c021,Disallow: /mlsphoto/
https://www.helenharp-realty.com/mlsphoto/photos/b74b/b47bed377642aae7ee921b589f87e8fd/c021,Disallow: /mlsphoto/
https://www.helenharp-realty.com/mlsphoto/photos/b7b8/8b7bad630b4a699a3163c290c649e365/c021,Disallow: /mlsphoto/
https://www.helenharp-realty.com/mlsphoto/photos/b8b8/8b8bd3f26f838a38559040b9f0840aa7/c021,Disallow: /mlsphoto/
https://www.helenharp-realty.com/mlsphoto/photos/b92d/d29b0fc334be95f786baaf1da5db0435/c021,Disallow: /mlsphoto/
https://www.helenharp-realty.com/mlsphoto/photos/b9f3/3f9b2293238fe12d5b24e05240a429e3/c021,Disallow: /mlsphoto/
https://www.helenharp-realty.com/mlsphoto/photos/b9f9/9f9bf989cd0d95afa48b03696299b9e7/c021,Disallow: /mlsphoto/
https://www.helenharp-realty.com/mlsphoto/photos/ba3f/f3ab6735b96f59b51b72fd66bfb2ae30/c021,Disallow: /mlsphoto/
https://www.helenharp-realty.com/mlsphoto/photos/ba48/84abc382c8d27f1942902594d182e743/c021,Disallow: /mlsphoto/
https://www.helenharp-realty.com/mlsphoto/photos/ba53/35ab354ed8eae539f10f6de6566bcf1d/c021,Disallow: /mlsphoto/
https://www.helenharp-realty.com/mlsphoto/photos/baf5/5fab33b22018c909549c209aac8b26f6/c021,Disallow: /mlsphoto/
https://www.helenharp-realty.com/mlsphoto/photos/bc27/72cb8191af6977f9faf9b058cc89f204/c021,Disallow: /mlsphoto/
https://www.helenharp-realty.com/mlsphoto/photos/bdde/eddbc0e08d3a34701f51d1e6d7174345/c021,Disallow: /mlsphoto/
https://www.helenharp-realty.com/mlsphoto/photos/be3c/c3eb9ba07b0ae3fe685605d0f883393f/c021,Disallow: /mlsphoto/
https://www.helenharp-realty.com/mlsphoto/photos/be6b/b6eb8b5db8a218d263c2339c1edc4804/c021,Disallow: /mlsphoto/
https://www.helenharp-realty.com/mlsphoto/photos/c013/310c84afaacb1686ea8db15631962854/c021,Disallow: /mlsphoto/
https://www.helenharp-realty.com/mlsphoto/photos/c07d/d70c4698661d1229357de4456f84369f/c021,Disallow: /mlsphoto/
https://www.helenharp-realty.com/mlsphoto/photos/c0f6/6f0c72d16c4d4f748a2c1abea7936866/c021,Disallow: /mlsphoto/
https://www.helenharp-realty.com/mlsphoto/photos/c20f/f02c0df204d47fce9bf93e9596d600e0/c021,Disallow: /mlsphoto/
https://www.helenharp-realty.com/mlsphoto/photos/c2b6/6b2cef880fa443b383aec37a84a113a2/c021,Disallow: /mlsphoto/
https://www.helenharp-realty.com/mlsphoto/photos/c2df/fd2c3dda11d9ae67762105de0068adfa/c021,Disallow: /mlsphoto/
https://www.helenharp-realty.com/mlsphoto/photos/c3bb/bb3c369dc5a5234d0206418ece1f1f55/c021,Disallow: /mlsphoto/
https://www.helenharp-realty.com/mlsphoto/photos/c420/024c942b1c8762f816b7d568f6a51e0a/c021,Disallow: /mlsphoto/
https://www.helenharp-realty.com/mlsphoto/photos/c466/664cbf10a59ec6a9beb6a11e9408358d/c021,Disallow: /mlsphoto/
https://www.helenharp-realty.com/mlsphoto/photos/c4d2/2d4c91f3184f789265a047cf59af3690/c021,Disallow: /mlsphoto/
https://www.helenharp-realty.com/mlsphoto/photos/c551/155cd478f7b61a75aea64ec8bb7a2faa/c021,Disallow: /mlsphoto/
https://www.helenharp-realty.com/mlsphoto/photos/c643/346cb3b3ba5ea9ad67201d427415b287/c021,Disallow: /mlsphoto/
https://www.helenharp-realty.com/mlsphoto/photos/c69b/b96c0b8d5ca9f2346fbede0bda8a0d00/c021,Disallow: /mlsphoto/
https://www.helenharp-realty.com/mlsphoto/photos/c751/157c080d791823ffbee62cfbac146e69/c021,Disallow: /mlsphoto/
https://www.helenharp-realty.com/mlsphoto/photos/c89f/f98c8f0499299d47ba37b9dfbb494c3e/c021,Disallow: /mlsphoto/
https://www.helenharp-realty.com/mlsphoto/photos/ca37/73acff379031d8029d399f7543215650/c021,Disallow: /mlsphoto/
https://www.helenharp-realty.com/mlsphoto/photos/ca7b/b7ac319e8b8e091a236c1b12a1df6f67/c021,Disallow: /mlsphoto/
https://www.helenharp-realty.com/mlsphoto/photos/cb38/83bc495c09c73aac33e0a56e15925b0c/c021,Disallow: /mlsphoto/
https://www.helenharp-realty.com/mlsphoto/photos/cbe3/3ebc1b2da51a0e127cc959c25ca7a440/c021,Disallow: /mlsphoto/
https://www.helenharp-realty.com/mlsphoto/photos/cc19/91cca6e76907e0973d2455c5e0c708ea/c021,Disallow: /mlsphoto/
https://www.helenharp-realty.com/mlsphoto/photos/cc49/94cc581d2181cbcbbb5b7b728a8449ec/c021,Disallow: /mlsphoto/
https://www.helenharp-realty.com/mlsphoto/photos/ccb4/4bcc65f1502c6626396decf79c6fc7bc/c021,Disallow: /mlsphoto/
https://www.helenharp-realty.com/mlsphoto/photos/ccbc/cbcc990d0abb94c86b7fccb24b02f8fa/c021,Disallow: /mlsphoto/
https://www.helenharp-realty.com/mlsphoto/photos/cd32/23dcafbc29e949da2832a2a517ee29a3/c021,Disallow: /mlsphoto/
https://www.helenharp-realty.com/mlsphoto/photos/ce3e/e3ec710ebf75ee130374d7039b2df04e/c021,Disallow: /mlsphoto/
https://www.helenharp-realty.com/mlsphoto/photos/ce43/34ecc36dc9e8187d8639bb30eaed36f5/c021,Disallow: /mlsphoto/
https://www.helenharp-realty.com/mlsphoto/photos/cec1/1cec4874d7635e8772efbd6fa2350f05/c021,Disallow: /mlsphoto/
https://www.helenharp-realty.com/mlsphoto/photos/cf38/83fc753d18671716287a221dc85fb43a/c021,Disallow: /mlsphoto/
https://www.helenharp-realty.com/mlsphoto/photos/d004/400dafb878c8e8f84b825f74765516be/c021,Disallow: /mlsphoto/
https://www.helenharp-realty.com/mlsphoto/photos/d057/750d68451c61fbf752df0b2625c55c0a/c021,Disallow: /mlsphoto/
https://www.helenharp-realty.com/mlsphoto/photos/d08e/e80d8af402859c529b91caf24eb1b888/c021,Disallow: /mlsphoto/
https://www.helenharp-realty.com/mlsphoto/photos/d0dd/dd0d3e60d08952e07548b01d70c5a9b5/c021,Disallow: /mlsphoto/
https://www.helenharp-realty.com/mlsphoto/photos/d123/321de4ca0ac2e7c968d7bf8895acb9eb/c021,Disallow: /mlsphoto/
https://www.helenharp-realty.com/mlsphoto/photos/d1ba/ab1dcf90cb6e50809bad48bb98ea3206/c021,Disallow: /mlsphoto/
https://www.helenharp-realty.com/mlsphoto/photos/d1d7/7d1d3b96ec2820a9bf7405c9e67396c2/c021,Disallow: /mlsphoto/
https://www.helenharp-realty.com/mlsphoto/photos/d1e3/3e1de0aa520a5cd85ba60fa4205ee686/c021,Disallow: /mlsphoto/
https://www.helenharp-realty.com/mlsphoto/photos/d364/463d705d3d57a1c4e55257b2673082f8/c021,Disallow: /mlsphoto/
https://www.helenharp-realty.com/mlsphoto/photos/d391/193ddef9462944d3a190a4aae6144d89/c021,Disallow: /mlsphoto/
https://www.helenharp-realty.com/mlsphoto/photos/d49e/e94d8183f31bd50c2a9dc1a4f0ea84e1/c021,Disallow: /mlsphoto/
https://www.helenharp-realty.com/mlsphoto/photos/d4d8/8d4dca47ad834f29182d1ef7f2075f2d/c021,Disallow: /mlsphoto/
https://www.helenharp-realty.com/mlsphoto/photos/d53a/a35d496ca10ff928c7d6a6031c076e4c/c021,Disallow: /mlsphoto/
https://www.helenharp-realty.com/mlsphoto/photos/d5b0/0b5dc8f1ba62f3dcc2f42e027035d10e/c021,Disallow: /mlsphoto/
https://www.helenharp-realty.com/mlsphoto/photos/d64a/a46da41c5de84dec9d527327b3c7e157/c021,Disallow: /mlsphoto/
https://www.helenharp-realty.com/mlsphoto/photos/d6c5/5c6d8ac99ff132fe8b98baa705b45f82/c021,Disallow: /mlsphoto/
https://www.helenharp-realty.com/mlsphoto/photos/d79e/e97deffa62790bb3932bbaaced2bca5d/c021,Disallow: /mlsphoto/
https://www.helenharp-realty.com/mlsphoto/photos/d803/308d68f4ff052a45c89d54cd24dcf4db/c021,Disallow: /mlsphoto/
https://www.helenharp-realty.com/mlsphoto/photos/d8b3/3b8d1209c0cbb3ee6623b70a7a1b61d6/c021,Disallow: /mlsphoto/
https://www.helenharp-realty.com/mlsphoto/photos/d8de/ed8d4f89a1cc3e80f0debc8923009f71/c021,Disallow: /mlsphoto/
https://www.helenharp-realty.com/mlsphoto/photos/d923/329d00d840b908197cb990fefd103bd5/c021,Disallow: /mlsphoto/
https://www.helenharp-realty.com/mlsphoto/photos/da41/14ad24e1aba8d7e70bf3cbf4faadcc35/c021,Disallow: /mlsphoto/
https://www.helenharp-realty.com/mlsphoto/photos/dafa/afadc581ea712f03e5ca15fc9737bed2/c021,Disallow: /mlsphoto/
https://www.helenharp-realty.com/mlsphoto/photos/dbc1/1cbdb51016c40b42d7ac1e72afc74791/c021,Disallow: /mlsphoto/
https://www.helenharp-realty.com/mlsphoto/photos/dbc7/7cbd065bc5c1744453cdd7ad3751a74f/c021,Disallow: /mlsphoto/
https://www.helenharp-realty.com/mlsphoto/photos/dca8/8acdcbe51fb9d864c10663972649f2b4/c021,Disallow: /mlsphoto/
https://www.helenharp-realty.com/mlsphoto/photos/dcdb/bdcd7e154da47a7fe0acfa2082b0d729/c021,Disallow: /mlsphoto/
https://www.helenharp-realty.com/mlsphoto/photos/dd5b/b5dd2c9086f4061b1ec5fa859ebd00c8/c021,Disallow: /mlsphoto/
https://www.helenharp-realty.com/mlsphoto/photos/dd6a/a6dd658f0d52c2a279b88636b93a780b/c021,Disallow: /mlsphoto/
https://www.helenharp-realty.com/mlsphoto/photos/de8d/d8edc9715b3cb13f93748efc8ae946c7/c021,Disallow: /mlsphoto/
https://www.helenharp-realty.com/mlsphoto/photos/de94/49ed2502eee416f42e4d7601706f04a3/c021,Disallow: /mlsphoto/
https://www.helenharp-realty.com/mlsphoto/photos/df1f/f1fd78acbe3ee28062a66ec796f8a73d/c021,Disallow: /mlsphoto/
https://www.helenharp-realty.com/mlsphoto/photos/df43/34fdb5db4609c8953fd63968a8c771e0/c021,Disallow: /mlsphoto/
https://www.helenharp-realty.com/mlsphoto/photos/df55/55fd88018873b471d47b049b30c11662/c021,Disallow: /mlsphoto/
https://www.helenharp-realty.com/mlsphoto/photos/e0c1/1c0ee1e8321a1854dc86139c3f128fc9/c021,Disallow: /mlsphoto/
https://www.helenharp-realty.com/mlsphoto/photos/e0d7/7d0e3e72b73ee5f16a0fcff72fc8e591/c021,Disallow: /mlsphoto/
https://www.helenharp-realty.com/mlsphoto/photos/e1cc/cc1e5b0f22cf10a3f0f06a40c83a451a/c021,Disallow: /mlsphoto/
https://www.helenharp-realty.com/mlsphoto/photos/e1dc/cd1e8c4a05cd89d8aedfab1af9eac90d/c021,Disallow: /mlsphoto/
https://www.helenharp-realty.com/mlsphoto/photos/e277/772e689db322861b94dc5c76ce23548d/c021,Disallow: /mlsphoto/
https://www.helenharp-realty.com/mlsphoto/photos/e284/482e97ca1448d9ec735531b179f37cff/c021,Disallow: /mlsphoto/
https://www.helenharp-realty.com/mlsphoto/photos/e316/613e37817efe8a28b8d0b3a03080e839/c021,Disallow: /mlsphoto/
https://www.helenharp-realty.com/mlsphoto/photos/e43d/d34ee3caa9021cd55ef9593ffa80174e/c021,Disallow: /mlsphoto/
https://www.helenharp-realty.com/mlsphoto/photos/e6fb/bf6e06568a2781dafebcd9221a2da903/c021,Disallow: /mlsphoto/
https://www.helenharp-realty.com/mlsphoto/photos/e70e/e07e253a7eb3dd7f9c31c07c12c2e4b8/c021,Disallow: /mlsphoto/
https://www.helenharp-realty.com/mlsphoto/photos/e797/797e3ec6d3ee05a875a92579b43cd758/c021,Disallow: /mlsphoto/
https://www.helenharp-realty.com/mlsphoto/photos/e7b0/0b7e3bb08590f3120f73d616c664cf15/c021,Disallow: /mlsphoto/
https://www.helenharp-realty.com/mlsphoto/photos/e7c2/2c7e73df2c2a0fde4a950248a96d0169/c021,Disallow: /mlsphoto/
https://www.helenharp-realty.com/mlsphoto/photos/e80e/e08e2ec380400fbe24c6e81ac7bec9af/c021,Disallow: /mlsphoto/
https://www.helenharp-realty.com/mlsphoto/photos/e882/288ee051f239241351344d7e53accb45/c021,Disallow: /mlsphoto/
https://www.helenharp-realty.com/mlsphoto/photos/e979/979ec59902ae73583ef2c076fcf3275c/c021,Disallow: /mlsphoto/
https://www.helenharp-realty.com/mlsphoto/photos/e9a5/5a9e00280b79b6bc245f70c9ee314fc7/c021,Disallow: /mlsphoto/
https://www.helenharp-realty.com/mlsphoto/photos/e9d1/1d9e56cc1ccb516c4e64aeed746a216a/c021,Disallow: /mlsphoto/
https://www.helenharp-realty.com/mlsphoto/photos/e9f8/8f9eb0b1e50474d9d8d69b455f12303a/c021,Disallow: /mlsphoto/
https://www.helenharp-realty.com/mlsphoto/photos/ea77/77aeb9e89781c7a7644f1f4846972a0b/c021,Disallow: /mlsphoto/
https://www.helenharp-realty.com/mlsphoto/photos/ea9c/c9ae5155cd9b25bff85691f42564d63e/c021,Disallow: /mlsphoto/
https://www.helenharp-realty.com/mlsphoto/photos/eade/edaeebef89fa8705e5bb253aaac2294b/c021,Disallow: /mlsphoto/
https://www.helenharp-realty.com/mlsphoto/photos/eb55/55bef73f786e617bedb86671e159b062/c021,Disallow: /mlsphoto/
https://www.helenharp-realty.com/mlsphoto/photos/ebb3/3bbe76749bb6faf4ef993f0bc8a91f9e/c021,Disallow: /mlsphoto/
https://www.helenharp-realty.com/mlsphoto/photos/ec20/02ce988ab90587dc7dcbdd3701040aaa/c021,Disallow: /mlsphoto/
https://www.helenharp-realty.com/mlsphoto/photos/ec2d/d2ceac205f453ff3d0926cc96411b61d/c021,Disallow: /mlsphoto/
https://www.helenharp-realty.com/mlsphoto/photos/ec70/07ce3d214eebffc319424e07c94aa6ed/c021,Disallow: /mlsphoto/
https://www.helenharp-realty.com/mlsphoto/photos/ecf8/8fce468ab3a5ce212cc92c3ce7456f19/c021,Disallow: /mlsphoto/
https://www.helenharp-realty.com/mlsphoto/photos/ed14/41dedf344c7d8572eab057aca03e13aa/c021,Disallow: /mlsphoto/
https://www.helenharp-realty.com/mlsphoto/photos/ed17/71dee7cd2e0bf23eaf0f1359633f334a/c021,Disallow: /mlsphoto/
https://www.helenharp-realty.com/mlsphoto/photos/ee75/57ee656e02c1d63e8bd3d44804426d4b/c021,Disallow: /mlsphoto/
https://www.helenharp-realty.com/mlsphoto/photos/eeca/acee05a623e31a9a4a6f502c1bc82e86/c021,Disallow: /mlsphoto/
https://www.helenharp-realty.com/mlsphoto/photos/eee0/0eee4677a46bf7ca91e4696996e97dcf/c021,Disallow: /mlsphoto/
https://www.helenharp-realty.com/mlsphoto/photos/ef96/69fec9975b7ee960f03796c356ecd497/c021,Disallow: /mlsphoto/
https://www.helenharp-realty.com/mlsphoto/photos/efa1/1afea55100c58fec25aa541d0572d7e1/c021,Disallow: /mlsphoto/
https://www.helenharp-realty.com/mlsphoto/photos/f3d3/3d3f96efb3f434b2b272198fc5846726/c021,Disallow: /mlsphoto/
https://www.helenharp-realty.com/mlsphoto/photos/f46d/d64f478a07c64f3866d4fdf69c6b2cb9/c021,Disallow: /mlsphoto/
https://www.helenharp-realty.com/mlsphoto/photos/f479/974f3fbf6c1bd43bd4fafdb0d3e4ead0/c021,Disallow: /mlsphoto/
https://www.helenharp-realty.com/mlsphoto/photos/f4f0/0f4f9e6e378afcff64d4e9ca4e7c7463/c021,Disallow: /mlsphoto/
https://www.helenharp-realty.com/mlsphoto/photos/f501/105f010b2214efc5fa0047be92ba8e00/c021,Disallow: /mlsphoto/
https://www.helenharp-realty.com/mlsphoto/photos/f547/745f54bed389cb9504da5f1079fe3416/c021,Disallow: /mlsphoto/
https://www.helenharp-realty.com/mlsphoto/photos/f56a/a65f36d6d4025516207cc259f88cd79c/c021,Disallow: /mlsphoto/
https://www.helenharp-realty.com/mlsphoto/photos/f58a/a85fae080b68aec9a8cd7083deef7416/c021,Disallow: /mlsphoto/
https://www.helenharp-realty.com/mlsphoto/photos/f74c/c47fbec71b8a46911652e9680291d727/c021,Disallow: /mlsphoto/
https://www.helenharp-realty.com/mlsphoto/photos/f76b/b67f692f1c7c3bfe489624ed856f1b11/c021,Disallow: /mlsphoto/
https://www.helenharp-realty.com/mlsphoto/photos/f7cc/cc7f1c4ac72ceb13cf4f6d0705456abd/c021,Disallow: /mlsphoto/
https://www.helenharp-realty.com/mlsphoto/photos/f7f0/0f7f6b9884e7fb06c01646a8631de2c0/c021,Disallow: /mlsphoto/
https://www.helenharp-realty.com/mlsphoto/photos/f872/278f9f83df8f96d242a368130601c615/c021,Disallow: /mlsphoto/
https://www.helenharp-realty.com/mlsphoto/photos/f945/549f367383c39f0733fa08531ca554cc/c021,Disallow: /mlsphoto/
https://www.helenharp-realty.com/mlsphoto/photos/fa82/28af0d5e69fa98427b81e4a2e490927f/c021,Disallow: /mlsphoto/
https://www.helenharp-realty.com/mlsphoto/photos/faa6/6aafae7e5cb61b52870c2bb0ccbad0b9/c021,Disallow: /mlsphoto/
https://www.helenharp-realty.com/mlsphoto/photos/fb5a/a5bf54c197c8bf3af7385bdf2938ec2e/c021,Disallow: /mlsphoto/
https://www.helenharp-realty.com/mlsphoto/photos/fb86/68bfb0f8a8648d4ee5900a24b2dd7154/c021,Disallow: /mlsphoto/
https://www.helenharp-realty.com/mlsphoto/photos/fcc1/1ccf571406243db3d2cdc8059319e39e/c021,Disallow: /mlsphoto/
https://www.helenharp-realty.com/mlsphoto/photos/fcd1/1dcfd48dcaf720ef8839a4b8a0bec8aa/c021,Disallow: /mlsphoto/
https://www.helenharp-realty.com/mlsphoto/photos/fce2/2ecfd310b5f27a6fdfb498e5037bffa7/c021,Disallow: /mlsphoto/
https://www.helenharp-realty.com/mlsphoto/photos/fce6/6ecfedf752ecfd8abaade354dd2e8253/c021,Disallow: /mlsphoto/
https://www.helenharp-realty.com/mlsphoto/photos/fd47/74df1bc63c2c427367d5e987634235a3/c021,Disallow: /mlsphoto/
https://www.helenharp-realty.com/mlsphoto/photos/fd8e/e8dfe8707bc3ba4273fb2ef90c703ae8/c021,Disallow: /mlsphoto/
https://www.helenharp-realty.com/mlsphoto/photos/fd9e/e9df5f55c0f76dc58905bbfe18dceba1/c021,Disallow: /mlsphoto/
