pattern,count,robots_allowed,example
/homes-for-sale-{n}-nc-listings,3,0,https://www.helenharp-realty.com/homes-for-sale-28147-nc-listings
/homes-for-sale-{n}-nc,2,2,https://www.helenharp-realty.com/homes-for-sale-28105-nc
/homes-for-sale-with-acreage-{n}-nc-listi,2,0,https://www.helenharp-realty.com/homes-for-sale-with-acreage-28164-nc-listings
/property-{n}-superior-street-charlotte-n,2,0,https://www.helenharp-realty.com/property-14727-superior-street-charlotte-nc-4426197
/smart-efficient-homes-for-sale-{n}-nc,2,2,https://www.helenharp-realty.com/smart-efficient-homes-for-sale-28213-nc
/55-plus-community-homes-for-sale-charlotte,1,0,https://www.helenharp-realty.com/55-plus-community-homes-for-sale-charlotte
/55-plus-community-homes-for-sale-lancaster-county,1,0,https://www.helenharp-realty.com/55-plus-community-homes-for-sale-lancaster-county
/a-frame-homes-for-sale-charlotte,1,0,https://www.helenharp-realty.com/a-frame-homes-for-sale-charlotte
/a-frame-homes-for-sale-lancaster-county,1,0,https://www.helenharp-realty.com/a-frame-homes-for-sale-lancaster-county
/accessibility,1,1,https://www.helenharp-realty.com/accessibility/
/active-adult-homes-for-sale-charlotte,1,0,https://www.helenharp-realty.com/active-adult-homes-for-sale-charlotte
/active-adult-homes-for-sale-lancaster-county,1,0,https://www.helenharp-realty.com/active-adult-homes-for-sale-lancaster-county
/affordable-homes-for-sale-lancaster-county,1,0,https://www.helenharp-realty.com/affordable-homes-for-sale-lancaster-county
/attached-garage-townhomes-for-sale-lancaster-county-sc,1,1,https://www.helenharp-realty.com/attached-garage-townhomes-for-sale-lancaster-county-sc
/barn-homes-for-sale-lancaster-county,1,1,https://www.helenharp-realty.com/barn-homes-for-sale-lancaster-county
/brick-ranch-style-houses-for-sale-lancaster-county,1,0,https://www.helenharp-realty.com/brick-ranch-style-houses-for-sale-lancaster-county
/cape-cod-homes-for-sale-charlotte,1,0,https://www.helenharp-realty.com/cape-cod-homes-for-sale-charlotte
/cheap-homes-for-sale-enderly-park-nc,1,0,https://www.helenharp-realty.com/cheap-homes-for-sale-enderly-park-nc
/cheap-homes-for-sale-seversville-nc,1,1,https://www.helenharp-realty.com/cheap-homes-for-sale-seversville-nc
/cheap-homes-for-sale-wesley-heights-nc,1,1,https://www.helenharp-realty.com/cheap-homes-for-sale-wesley-heights-nc
/colonial-homes-for-sale-charlotte,1,0,https://www.helenharp-realty.com/colonial-homes-for-sale-charlotte
/coming-soon-homes-for-sale-charlotte,1,0,https://www.helenharp-realty.com/coming-soon-homes-for-sale-charlotte
/coming-soon-homes-for-sale-lancaster-county,1,0,https://www.helenharp-realty.com/coming-soon-homes-for-sale-lancaster-county
/condos-for-sale-with-a-garage-charlotte,1,0,https://www.helenharp-realty.com/condos-for-sale-with-a-garage-charlotte
/condos-for-sale-with-a-pool-charlotte,1,0,https://www.helenharp-realty.com/condos-for-sale-with-a-pool-charlotte
/contact,1,1,https://www.helenharp-realty.com/contact/
/contact/helen,1,1,https://www.helenharp-realty.com/contact/helen/
/contact/loan,1,1,https://www.helenharp-realty.com/contact/loan/
/contemporary-homes-for-sale-lancaster-county,1,1,https://www.helenharp-realty.com/contemporary-homes-for-sale-lancaster-county
/corporate-relocation-charlotte-homes-for-sale-nc,1,1,https://www.helenharp-realty.com/corporate-relocation-charlotte-homes-for-sale-nc
/corporate-relocation-homes-for-sale-charlotte-nc,1,1,https://www.helenharp-realty.com/corporate-relocation-homes-for-sale-charlotte-nc
/corporate-relocation-landis-homes-for-sale-nc,1,1,https://www.helenharp-realty.com/corporate-relocation-landis-homes-for-sale-nc
/cottage-homes-for-sale-lancaster-county,1,1,https://www.helenharp-realty.com/cottage-homes-for-sale-lancaster-county
/country-club-homes-for-sale-charlotte,1,0,https://www.helenharp-realty.com/country-club-homes-for-sale-charlotte
/country-club-homes-for-sale-lancaster-county,1,0,https://www.helenharp-realty.com/country-club-homes-for-sale-lancaster-county
/craftsman-homes-for-sale-lancaster-county,1,1,https://www.helenharp-realty.com/craftsman-homes-for-sale-lancaster-county
/creekfront-homes-for-sale-charlotte,1,0,https://www.helenharp-realty.com/creekfront-homes-for-sale-charlotte
/distressed-homes-for-sale-enderly-park-nc,1,1,https://www.helenharp-realty.com/distressed-homes-for-sale-enderly-park-nc
/distressed-homes-for-sale-wesley-heights-nc,1,1,https://www.helenharp-realty.com/distressed-homes-for-sale-wesley-heights-nc
/duplex-homes-for-sale-enderly-park-nc,1,1,https://www.helenharp-realty.com/duplex-homes-for-sale-enderly-park-nc
/duplex-homes-for-sale-wesley-heights-nc,1,1,https://www.helenharp-realty.com/duplex-homes-for-sale-wesley-heights-nc
/end-unit-townhomes-for-sale-lancaster-county,1,1,https://www.helenharp-realty.com/end-unit-townhomes-for-sale-lancaster-county
/gated-community-homes-for-sale-charlotte,1,0,https://www.helenharp-realty.com/gated-community-homes-for-sale-charlotte
/gated-community-homes-for-sale-lancaster-county,1,0,https://www.helenharp-realty.com/gated-community-homes-for-sale-lancaster-county
/golf-community-homes-for-sale-charlotte,1,0,https://www.helenharp-realty.com/golf-community-homes-for-sale-charlotte
/golf-community-homes-for-sale-lancaster-county,1,0,https://www.helenharp-realty.com/golf-community-homes-for-sale-lancaster-county
/golf-course-homes-for-sale-charlotte,1,0,https://www.helenharp-realty.com/golf-course-homes-for-sale-charlotte
/golf-course-homes-for-sale-lancaster-county,1,0,https://www.helenharp-realty.com/golf-course-homes-for-sale-lancaster-county
/greenway-townhomes-for-sale-lancaster-county-sc,1,1,https://www.helenharp-realty.com/greenway-townhomes-for-sale-lancaster-county-sc
/historic-district-homes-for-sale-charlotte,1,0,https://www.helenharp-realty.com/historic-district-homes-for-sale-charlotte
/historic-homes-for-sale-charlotte,1,0,https://www.helenharp-realty.com/historic-homes-for-sale-charlotte
/home-values-homes-for-sale-charlotte-nc,1,1,https://www.helenharp-realty.com/home-values-homes-for-sale-charlotte-nc
/homes-for-sale-{n}-sc-listings,1,0,https://www.helenharp-realty.com/homes-for-sale-29727-sc-listings
/homes-for-sale-ardrey-kell-high-school-district,1,1,https://www.helenharp-realty.com/homes-for-sale-ardrey-kell-high-school-district
/homes-for-sale-ashe-plantation-nc,1,1,https://www.helenharp-realty.com/homes-for-sale-ashe-plantation-nc
/homes-for-sale-back-creek-church-road-nc,1,1,https://www.helenharp-realty.com/homes-for-sale-back-creek-church-road-nc
/homes-for-sale-ballantyne-ridge-high-school-district,1,1,https://www.helenharp-realty.com/homes-for-sale-ballantyne-ridge-high-school-district
/homes-for-sale-brevard-high-school-district,1,1,https://www.helenharp-realty.com/homes-for-sale-brevard-high-school-district
/homes-for-sale-brevard-nc-listings,1,0,https://www.helenharp-realty.com/homes-for-sale-brevard-nc-listings
/homes-for-sale-brief-road-custom-estates-nc,1,0,https://www.helenharp-realty.com/homes-for-sale-brief-road-custom-estates-nc
/homes-for-sale-by-adams-homes,1,1,https://www.helenharp-realty.com/homes-for-sale-by-adams-homes
/homes-for-sale-by-ardent-building-group,1,1,https://www.helenharp-realty.com/homes-for-sale-by-ardent-building-group
/homes-for-sale-by-blue-heel-development-charlotte,1,1,https://www.helenharp-realty.com/homes-for-sale-by-blue-heel-development-charlotte
/homes-for-sale-by-bonterra-builders,1,1,https://www.helenharp-realty.com/homes-for-sale-by-bonterra-builders
/homes-for-sale-by-brookwood-home-building,1,1,https://www.helenharp-realty.com/homes-for-sale-by-brookwood-home-building
/homes-for-sale-by-century-communities,1,1,https://www.helenharp-realty.com/homes-for-sale-by-century-communities
/homes-for-sale-by-classica-homes,1,1,https://www.helenharp-realty.com/homes-for-sale-by-classica-homes
/homes-for-sale-by-copper-builders,1,1,https://www.helenharp-realty.com/homes-for-sale-by-copper-builders
/homes-for-sale-by-dream-finders-homes,1,1,https://www.helenharp-realty.com/homes-for-sale-by-dream-finders-homes
/homes-for-sale-by-eastwood-homes-charlotte,1,1,https://www.helenharp-realty.com/homes-for-sale-by-eastwood-homes-charlotte
/homes-for-sale-by-empire-homes,1,1,https://www.helenharp-realty.com/homes-for-sale-by-empire-homes
/homes-for-sale-by-epcon-communities,1,1,https://www.helenharp-realty.com/homes-for-sale-by-epcon-communities
/homes-for-sale-by-greybrook-homes,1,1,https://www.helenharp-realty.com/homes-for-sale-by-greybrook-homes
/homes-for-sale-by-kb-home,1,1,https://www.helenharp-realty.com/homes-for-sale-by-kb-home
/homes-for-sale-by-keystone-custom-homes,1,1,https://www.helenharp-realty.com/homes-for-sale-by-keystone-custom-homes
/homes-for-sale-by-kinger-homes,1,1,https://www.helenharp-realty.com/homes-for-sale-by-kinger-homes
/homes-for-sale-by-kolter-homes,1,1,https://www.helenharp-realty.com/homes-for-sale-by-kolter-homes
/homes-for-sale-by-lennar-maiden,1,1,https://www.helenharp-realty.com/homes-for-sale-by-lennar-maiden
/homes-for-sale-by-linnane-homes,1,1,https://www.helenharp-realty.com/homes-for-sale-by-linnane-homes
/homes-for-sale-by-m-i-homes,1,1,https://www.helenharp-realty.com/homes-for-sale-by-m-i-homes
/homes-for-sale-by-northway-homes-llc,1,1,https://www.helenharp-realty.com/homes-for-sale-by-northway-homes-llc
/homes-for-sale-by-northway-homes-llc-charlotte,1,1,https://www.helenharp-realty.com/homes-for-sale-by-northway-homes-llc-charlotte
/homes-for-sale-by-prespro-homes,1,1,https://www.helenharp-realty.com/homes-for-sale-by-prespro-homes
/homes-for-sale-by-profile-homes,1,1,https://www.helenharp-realty.com/homes-for-sale-by-profile-homes
/homes-for-sale-by-prosperity-builders,1,1,https://www.helenharp-realty.com/homes-for-sale-by-prosperity-builders
/homes-for-sale-by-pulte-homes,1,1,https://www.helenharp-realty.com/homes-for-sale-by-pulte-homes
/homes-for-sale-by-pulte-homes-charlotte,1,1,https://www.helenharp-realty.com/homes-for-sale-by-pulte-homes-charlotte
/homes-for-sale-by-shea,1,1,https://www.helenharp-realty.com/homes-for-sale-by-shea
/homes-for-sale-by-southcraft-by-empire-homes,1,1,https://www.helenharp-realty.com/homes-for-sale-by-southcraft-by-empire-homes
/homes-for-sale-by-springdale-custom-builders,1,1,https://www.helenharp-realty.com/homes-for-sale-by-springdale-custom-builders
/homes-for-sale-by-stanley-martin-homes,1,1,https://www.helenharp-realty.com/homes-for-sale-by-stanley-martin-homes
/homes-for-sale-by-terrata-homes,1,1,https://www.helenharp-realty.com/homes-for-sale-by-terrata-homes
/homes-for-sale-charlotte-nc-listings,1,0,https://www.helenharp-realty.com/homes-for-sale-charlotte-nc-listings
/homes-for-sale-chesterfield-nc,1,1,https://www.helenharp-realty.com/homes-for-sale-chesterfield-nc
/homes-for-sale-delta-acres-nc,1,1,https://www.helenharp-realty.com/homes-for-sale-delta-acres-nc
/homes-for-sale-delta-creek-townhomes-nc,1,0,https://www.helenharp-realty.com/homes-for-sale-delta-creek-townhomes-nc
/homes-for-sale-dogwood-nc,1,1,https://www.helenharp-realty.com/homes-for-sale-dogwood-nc
/homes-for-sale-east-charlotte-nc,1,1,https://www.helenharp-realty.com/homes-for-sale-east-charlotte-nc
/homes-for-sale-east-mecklenburg-high-school-district,1,1,https://www.helenharp-realty.com/homes-for-sale-east-mecklenburg-high-school-district
/homes-for-sale-garinger-high-school-district,1,1,https://www.helenharp-realty.com/homes-for-sale-garinger-high-school-district
/homes-for-sale-grier-meadows-nc,1,1,https://www.helenharp-realty.com/homes-for-sale-grier-meadows-nc
/homes-for-sale-harding-university-high-school-district,1,1,https://www.helenharp-realty.com/homes-for-sale-harding-university-high-school-district
/homes-for-sale-harrisburg-road-townhouses-nc,1,0,https://www.helenharp-realty.com/homes-for-sale-harrisburg-road-townhouses-nc
/homes-for-sale-harrisburg-townes-nc,1,0,https://www.helenharp-realty.com/homes-for-sale-harrisburg-townes-nc
/homes-for-sale-herons-pond-nc,1,1,https://www.helenharp-realty.com/homes-for-sale-herons-pond-nc
/homes-for-sale-hood-ridge-nc,1,1,https://www.helenharp-realty.com/homes-for-sale-hood-ridge-nc
/homes-for-sale-hood-road-custom-corridor-nc,1,1,https://www.helenharp-realty.com/homes-for-sale-hood-road-custom-corridor-nc
/homes-for-sale-independence-high-school-district,1,1,https://www.helenharp-realty.com/homes-for-sale-independence-high-school-district
/homes-for-sale-julius-l-chambers-high-school-district,1,1,https://www.helenharp-realty.com/homes-for-sale-julius-l-chambers-high-school-district
/homes-for-sale-lancaster-county-sc-listings,1,0,https://www.helenharp-realty.com/homes-for-sale-lancaster-county-sc-listings
/homes-for-sale-lashley-land-nc,1,0,https://www.helenharp-realty.com/homes-for-sale-lashley-land-nc
/homes-for-sale-leicester-nc-listings,1,0,https://www.helenharp-realty.com/homes-for-sale-leicester-nc-listings
/homes-for-sale-loso-nc,1,1,https://www.helenharp-realty.com/homes-for-sale-loso-nc
/homes-for-sale-maiden-high-school-district,1,1,https://www.helenharp-realty.com/homes-for-sale-maiden-high-school-district
/homes-for-sale-maiden-nc-listings,1,0,https://www.helenharp-realty.com/homes-for-sale-maiden-nc-listings
/homes-for-sale-mallard-creek-high-school-district,1,1,https://www.helenharp-realty.com/homes-for-sale-mallard-creek-high-school-district
/homes-for-sale-marlborough-nc,1,1,https://www.helenharp-realty.com/homes-for-sale-marlborough-nc
/homes-for-sale-marlwood-acres-nc,1,0,https://www.helenharp-realty.com/homes-for-sale-marlwood-acres-nc
/homes-for-sale-mayhew-country-estates-nc,1,0,https://www.helenharp-realty.com/homes-for-sale-mayhew-country-estates-nc
/homes-for-sale-millwood-nc,1,0,https://www.helenharp-realty.com/homes-for-sale-millwood-nc
/homes-for-sale-myers-park-high-school-district,1,1,https://www.helenharp-realty.com/homes-for-sale-myers-park-high-school-district
/homes-for-sale-north-lake-nc,1,1,https://www.helenharp-realty.com/homes-for-sale-north-lake-nc
/homes-for-sale-north-mecklenburg-high-school-district,1,1,https://www.helenharp-realty.com/homes-for-sale-north-mecklenburg-high-school-district
/homes-for-sale-northwest-charlotte-nc,1,1,https://www.helenharp-realty.com/homes-for-sale-northwest-charlotte-nc
/homes-for-sale-oakbrooke-nc-listings,1,0,https://www.helenharp-realty.com/homes-for-sale-oakbrooke-nc-listings
/homes-for-sale-olympic-high-school-district,1,1,https://www.helenharp-realty.com/homes-for-sale-olympic-high-school-district
/homes-for-sale-on-a-corner-lot-lancaster-county,1,0,https://www.helenharp-realty.com/homes-for-sale-on-a-corner-lot-lancaster-county
/homes-for-sale-on-a-corner-lot-maiden,1,0,https://www.helenharp-realty.com/homes-for-sale-on-a-corner-lot-maiden
/homes-for-sale-on-a-cul-de-sac-lot-lancaster-county,1,0,https://www.helenharp-realty.com/homes-for-sale-on-a-cul-de-sac-lot-lancaster-county
/homes-for-sale-on-a-cul-de-sac-lot-maiden,1,0,https://www.helenharp-realty.com/homes-for-sale-on-a-cul-de-sac-lot-maiden
/homes-for-sale-on-a-wooded-lot-lancaster-county,1,0,https://www.helenharp-realty.com/homes-for-sale-on-a-wooded-lot-lancaster-county
/homes-for-sale-on-a-wooded-lot-maiden,1,0,https://www.helenharp-realty.com/homes-for-sale-on-a-wooded-lot-maiden
/homes-for-sale-palisades-high-school-district,1,1,https://www.helenharp-realty.com/homes-for-sale-palisades-high-school-district
/homes-for-sale-park-plaza-nc,1,1,https://www.helenharp-realty.com/homes-for-sale-park-plaza-nc
/homes-for-sale-paw-creek-nc,1,1,https://www.helenharp-realty.com/homes-for-sale-paw-creek-nc
/homes-for-sale-plantation-falls-estates-nc-listings,1,0,https://www.helenharp-realty.com/homes-for-sale-plantation-falls-estates-nc-listings
/homes-for-sale-plaza-midwood-nc,1,0,https://www.helenharp-realty.com/homes-for-sale-plaza-midwood-nc
/homes-for-sale-polkton-nc-listings,1,0,https://www.helenharp-realty.com/homes-for-sale-polkton-nc-listings
/homes-for-sale-providence-high-school-district,1,1,https://www.helenharp-realty.com/homes-for-sale-providence-high-school-district
/homes-for-sale-randolph-road-nc,1,1,https://www.helenharp-realty.com/homes-for-sale-randolph-road-nc
/homes-for-sale-reedy-creek-nc,1,1,https://www.helenharp-realty.com/homes-for-sale-reedy-creek-nc
/homes-for-sale-reedy-creek-townes-nc,1,1,https://www.helenharp-realty.com/homes-for-sale-reedy-creek-townes-nc
/homes-for-sale-retreat-at-rocky-river-nc,1,1,https://www.helenharp-realty.com/homes-for-sale-retreat-at-rocky-river-nc
/homes-for-sale-robinson-church-road-nc,1,1,https://www.helenharp-realty.com/homes-for-sale-robinson-church-road-nc
/homes-for-sale-rocky-river-high-school-district,1,1,https://www.helenharp-realty.com/homes-for-sale-rocky-river-high-school-district
/homes-for-sale-south-mecklenburg-high-school-district,1,1,https://www.helenharp-realty.com/homes-for-sale-south-mecklenburg-high-school-district
/homes-for-sale-southwest-charlotte-nc,1,0,https://www.helenharp-realty.com/homes-for-sale-southwest-charlotte-nc
/homes-for-sale-taylor-glen-nc,1,1,https://www.helenharp-realty.com/homes-for-sale-taylor-glen-nc
/homes-for-sale-trellis-pointe-nc,1,0,https://www.helenharp-realty.com/homes-for-sale-trellis-pointe-nc
/homes-for-sale-under-1-million-charlotte,1,0,https://www.helenharp-realty.com/homes-for-sale-under-1-million-charlotte
/homes-for-sale-union-high-school-district,1,1,https://www.helenharp-realty.com/homes-for-sale-union-high-school-district
/homes-for-sale-union-sc-listings,1,0,https://www.helenharp-realty.com/homes-for-sale-union-sc-listings
/homes-for-sale-victoria-park-nc,1,1,https://www.helenharp-realty.com/homes-for-sale-victoria-park-nc
/homes-for-sale-waters-builders-nc,1,1,https://www.helenharp-realty.com/homes-for-sale-waters-builders-nc
/homes-for-sale-west-charlotte-high-school-district,1,1,https://www.helenharp-realty.com/homes-for-sale-west-charlotte-high-school-district
/homes-for-sale-west-charlotte-nc,1,0,https://www.helenharp-realty.com/homes-for-sale-west-charlotte-nc
/homes-for-sale-west-high-school-district,1,1,https://www.helenharp-realty.com/homes-for-sale-west-high-school-district
/homes-for-sale-west-mecklenburg-high-school-district,1,1,https://www.helenharp-realty.com/homes-for-sale-west-mecklenburg-high-school-district
/homes-for-sale-windsor-gates-nc,1,1,https://www.helenharp-realty.com/homes-for-sale-windsor-gates-nc
/homes-for-sale-with-1-acre-lancaster-county,1,0,https://www.helenharp-realty.com/homes-for-sale-with-1-acre-lancaster-county
/homes-for-sale-with-1-acre-maiden,1,0,https://www.helenharp-realty.com/homes-for-sale-with-1-acre-maiden
/homes-for-sale-with-10-acres-charlotte,1,0,https://www.helenharp-realty.com/homes-for-sale-with-10-acres-charlotte
/homes-for-sale-with-10-acres-lancaster-county,1,0,https://www.helenharp-realty.com/homes-for-sale-with-10-acres-lancaster-county
/homes-for-sale-with-2-acres-charlotte,1,0,https://www.helenharp-realty.com/homes-for-sale-with-2-acres-charlotte
/homes-for-sale-with-2-acres-lancaster-county,1,0,https://www.helenharp-realty.com/homes-for-sale-with-2-acres-lancaster-county
/homes-for-sale-with-2-acres-maiden,1,0,https://www.helenharp-realty.com/homes-for-sale-with-2-acres-maiden
/homes-for-sale-with-3-acres-charlotte,1,0,https://www.helenharp-realty.com/homes-for-sale-with-3-acres-charlotte
/homes-for-sale-with-3-acres-lancaster-county,1,0,https://www.helenharp-realty.com/homes-for-sale-with-3-acres-lancaster-county
/homes-for-sale-with-3-acres-maiden,1,0,https://www.helenharp-realty.com/homes-for-sale-with-3-acres-maiden
/homes-for-sale-with-3-acres-polkton,1,0,https://www.helenharp-realty.com/homes-for-sale-with-3-acres-polkton
/homes-for-sale-with-5-acres-charlotte,1,0,https://www.helenharp-realty.com/homes-for-sale-with-5-acres-charlotte
/homes-for-sale-with-5-acres-lancaster-county,1,0,https://www.helenharp-realty.com/homes-for-sale-with-5-acres-lancaster-county
/homes-for-sale-with-5-acres-maiden,1,0,https://www.helenharp-realty.com/homes-for-sale-with-5-acres-maiden
/homes-for-sale-with-a-1-car-garage-charlotte,1,0,https://www.helenharp-realty.com/homes-for-sale-with-a-1-car-garage-charlotte
/homes-for-sale-with-a-1-car-garage-lancaster-county,1,0,https://www.helenharp-realty.com/homes-for-sale-with-a-1-car-garage-lancaster-county
/homes-for-sale-with-a-2-car-garage-charlotte,1,0,https://www.helenharp-realty.com/homes-for-sale-with-a-2-car-garage-charlotte
/homes-for-sale-with-a-2-car-garage-lancaster-county,1,0,https://www.helenharp-realty.com/homes-for-sale-with-a-2-car-garage-lancaster-county
/homes-for-sale-with-a-2-car-garage-maiden,1,0,https://www.helenharp-realty.com/homes-for-sale-with-a-2-car-garage-maiden
/homes-for-sale-with-a-3-car-garage-charlotte,1,0,https://www.helenharp-realty.com/homes-for-sale-with-a-3-car-garage-charlotte
/homes-for-sale-with-a-3-car-garage-lancaster-county,1,0,https://www.helenharp-realty.com/homes-for-sale-with-a-3-car-garage-lancaster-county
/homes-for-sale-with-a-4-car-garage-charlotte,1,0,https://www.helenharp-realty.com/homes-for-sale-with-a-4-car-garage-charlotte
/homes-for-sale-with-a-barn-charlotte,1,0,https://www.helenharp-realty.com/homes-for-sale-with-a-barn-charlotte
/homes-for-sale-with-a-barn-lancaster-county,1,0,https://www.helenharp-realty.com/homes-for-sale-with-a-barn-lancaster-county
/homes-for-sale-with-a-basketball-court-charlotte,1,0,https://www.helenharp-realty.com/homes-for-sale-with-a-basketball-court-charlotte
/homes-for-sale-with-a-basketball-court-lancaster-county,1,0,https://www.helenharp-realty.com/homes-for-sale-with-a-basketball-court-lancaster-county
/homes-for-sale-with-a-boat-dock-lancaster-county,1,0,https://www.helenharp-realty.com/homes-for-sale-with-a-boat-dock-lancaster-county
/homes-for-sale-with-a-boat-slip-charlotte,1,0,https://www.helenharp-realty.com/homes-for-sale-with-a-boat-slip-charlotte
/homes-for-sale-with-a-boat-slip-lancaster-county,1,0,https://www.helenharp-realty.com/homes-for-sale-with-a-boat-slip-lancaster-county
/homes-for-sale-with-a-bonus-room-charlotte,1,0,https://www.helenharp-realty.com/homes-for-sale-with-a-bonus-room-charlotte
/homes-for-sale-with-a-bonus-room-lancaster-county,1,0,https://www.helenharp-realty.com/homes-for-sale-with-a-bonus-room-lancaster-county
/homes-for-sale-with-a-bonus-room-maiden,1,0,https://www.helenharp-realty.com/homes-for-sale-with-a-bonus-room-maiden
/homes-for-sale-with-a-chef-kitchen-charlotte,1,0,https://www.helenharp-realty.com/homes-for-sale-with-a-chef-kitchen-charlotte
/homes-for-sale-with-a-chef-kitchen-lancaster-county,1,0,https://www.helenharp-realty.com/homes-for-sale-with-a-chef-kitchen-lancaster-county
/homes-for-sale-with-a-chef-kitchen-maiden,1,0,https://www.helenharp-realty.com/homes-for-sale-with-a-chef-kitchen-maiden
/homes-for-sale-with-a-clubhouse-charlotte,1,0,https://www.helenharp-realty.com/homes-for-sale-with-a-clubhouse-charlotte
/homes-for-sale-with-a-clubhouse-maiden,1,0,https://www.helenharp-realty.com/homes-for-sale-with-a-clubhouse-maiden
/homes-for-sale-with-a-community-dock-charlotte,1,0,https://www.helenharp-realty.com/homes-for-sale-with-a-community-dock-charlotte
/homes-for-sale-with-a-community-pool-charlotte,1,0,https://www.helenharp-realty.com/homes-for-sale-with-a-community-pool-charlotte
/homes-for-sale-with-a-community-pool-lancaster-county,1,0,https://www.helenharp-realty.com/homes-for-sale-with-a-community-pool-lancaster-county
/homes-for-sale-with-a-community-pool-maiden,1,0,https://www.helenharp-realty.com/homes-for-sale-with-a-community-pool-maiden
/homes-for-sale-with-a-community-tennis-court-charlotte,1,0,https://www.helenharp-realty.com/homes-for-sale-with-a-community-tennis-court-charlotte
/homes-for-sale-with-a-courtyard-charlotte,1,0,https://www.helenharp-realty.com/homes-for-sale-with-a-courtyard-charlotte
/homes-for-sale-with-a-covered-patio-charlotte,1,0,https://www.helenharp-realty.com/homes-for-sale-with-a-covered-patio-charlotte
/homes-for-sale-with-a-covered-patio-lancaster-county,1,0,https://www.helenharp-realty.com/homes-for-sale-with-a-covered-patio-lancaster-county
/homes-for-sale-with-a-covered-porch-charlotte,1,0,https://www.helenharp-realty.com/homes-for-sale-with-a-covered-porch-charlotte
/homes-for-sale-with-a-covered-porch-lancaster-county,1,0,https://www.helenharp-realty.com/homes-for-sale-with-a-covered-porch-lancaster-county
/homes-for-sale-with-a-covered-porch-maiden,1,0,https://www.helenharp-realty.com/homes-for-sale-with-a-covered-porch-maiden
/homes-for-sale-with-a-deck-charlotte,1,0,https://www.helenharp-realty.com/homes-for-sale-with-a-deck-charlotte
/homes-for-sale-with-a-deck-lancaster-county,1,0,https://www.helenharp-realty.com/homes-for-sale-with-a-deck-lancaster-county
/homes-for-sale-with-a-deck-maiden,1,0,https://www.helenharp-realty.com/homes-for-sale-with-a-deck-maiden
/homes-for-sale-with-a-detached-garage-charlotte,1,0,https://www.helenharp-realty.com/homes-for-sale-with-a-detached-garage-charlotte
/homes-for-sale-with-a-detached-garage-lancaster-county,1,0,https://www.helenharp-realty.com/homes-for-sale-with-a-detached-garage-lancaster-county
/homes-for-sale-with-a-detached-garage-maiden,1,0,https://www.helenharp-realty.com/homes-for-sale-with-a-detached-garage-maiden
/homes-for-sale-with-a-detached-workshop-charlotte,1,0,https://www.helenharp-realty.com/homes-for-sale-with-a-detached-workshop-charlotte
/homes-for-sale-with-a-fenced-backyard-lancaster-county,1,0,https://www.helenharp-realty.com/homes-for-sale-with-a-fenced-backyard-lancaster-county
/homes-for-sale-with-a-fenced-backyard-maiden,1,0,https://www.helenharp-realty.com/homes-for-sale-with-a-fenced-backyard-maiden
/homes-for-sale-with-a-fenced-yard-lancaster-county,1,0,https://www.helenharp-realty.com/homes-for-sale-with-a-fenced-yard-lancaster-county
/homes-for-sale-with-a-fenced-yard-maiden,1,0,https://www.helenharp-realty.com/homes-for-sale-with-a-fenced-yard-maiden
/homes-for-sale-with-a-finished-basement-charlotte,1,0,https://www.helenharp-realty.com/homes-for-sale-with-a-finished-basement-charlotte
/homes-for-sale-with-a-finished-basement-lancaster-county,1,0,https://www.helenharp-realty.com/homes-for-sale-with-a-finished-basement-lancaster-county
/homes-for-sale-with-a-finished-basement-maiden,1,0,https://www.helenharp-realty.com/homes-for-sale-with-a-finished-basement-maiden
/homes-for-sale-with-a-fire-pit-charlotte,1,0,https://www.helenharp-realty.com/homes-for-sale-with-a-fire-pit-charlotte
/homes-for-sale-with-a-fire-pit-lancaster-county,1,0,https://www.helenharp-realty.com/homes-for-sale-with-a-fire-pit-lancaster-county
/homes-for-sale-with-a-fire-pit-maiden,1,0,https://www.helenharp-realty.com/homes-for-sale-with-a-fire-pit-maiden
/homes-for-sale-with-a-fireplace-charlotte,1,0,https://www.helenharp-realty.com/homes-for-sale-with-a-fireplace-charlotte
/homes-for-sale-with-a-fireplace-lancaster-county,1,0,https://www.helenharp-realty.com/homes-for-sale-with-a-fireplace-lancaster-county
/homes-for-sale-with-a-fireplace-maiden,1,0,https://www.helenharp-realty.com/homes-for-sale-with-a-fireplace-maiden
/homes-for-sale-with-a-first-floor-bedroom-charlotte,1,0,https://www.helenharp-realty.com/homes-for-sale-with-a-first-floor-bedroom-charlotte
/homes-for-sale-with-a-first-floor-primary-bedroom-charlotte,1,0,https://www.helenharp-realty.com/homes-for-sale-with-a-first-floor-primary-bedroom-charlotte
/homes-for-sale-with-a-fitness-center-charlotte,1,0,https://www.helenharp-realty.com/homes-for-sale-with-a-fitness-center-charlotte
/homes-for-sale-with-a-fitness-center-lancaster-county,1,0,https://www.helenharp-realty.com/homes-for-sale-with-a-fitness-center-lancaster-county
/homes-for-sale-with-a-fitness-center-maiden,1,0,https://www.helenharp-realty.com/homes-for-sale-with-a-fitness-center-maiden
/homes-for-sale-with-a-flat-yard-lancaster-county,1,0,https://www.helenharp-realty.com/homes-for-sale-with-a-flat-yard-lancaster-county
/homes-for-sale-with-a-formal-dining-room-charlotte,1,0,https://www.helenharp-realty.com/homes-for-sale-with-a-formal-dining-room-charlotte
/homes-for-sale-with-a-formal-dining-room-lancaster-county,1,0,https://www.helenharp-realty.com/homes-for-sale-with-a-formal-dining-room-lancaster-county
/homes-for-sale-with-a-front-porch-charlotte,1,0,https://www.helenharp-realty.com/homes-for-sale-with-a-front-porch-charlotte
/homes-for-sale-with-a-front-porch-lancaster-county,1,0,https://www.helenharp-realty.com/homes-for-sale-with-a-front-porch-lancaster-county
/homes-for-sale-with-a-front-porch-maiden,1,0,https://www.helenharp-realty.com/homes-for-sale-with-a-front-porch-maiden
/homes-for-sale-with-a-garage-charlotte,1,0,https://www.helenharp-realty.com/homes-for-sale-with-a-garage-charlotte
/homes-for-sale-with-a-garage-lancaster-county,1,0,https://www.helenharp-realty.com/homes-for-sale-with-a-garage-lancaster-county
/homes-for-sale-with-a-garage-maiden,1,0,https://www.helenharp-realty.com/homes-for-sale-with-a-garage-maiden
/homes-for-sale-with-a-gas-fireplace-charlotte,1,0,https://www.helenharp-realty.com/homes-for-sale-with-a-gas-fireplace-charlotte
/homes-for-sale-with-a-gas-fireplace-lancaster-county,1,0,https://www.helenharp-realty.com/homes-for-sale-with-a-gas-fireplace-lancaster-county
/homes-for-sale-with-a-gas-fireplace-maiden,1,0,https://www.helenharp-realty.com/homes-for-sale-with-a-gas-fireplace-maiden
/homes-for-sale-with-a-gazebo-charlotte,1,0,https://www.helenharp-realty.com/homes-for-sale-with-a-gazebo-charlotte
/homes-for-sale-with-a-gazebo-lancaster-county,1,0,https://www.helenharp-realty.com/homes-for-sale-with-a-gazebo-lancaster-county
/homes-for-sale-with-a-golf-course-view-charlotte,1,0,https://www.helenharp-realty.com/homes-for-sale-with-a-golf-course-view-charlotte
/homes-for-sale-with-a-gourmet-kitchen-charlotte,1,0,https://www.helenharp-realty.com/homes-for-sale-with-a-gourmet-kitchen-charlotte
/homes-for-sale-with-a-gourmet-kitchen-lancaster-county,1,0,https://www.helenharp-realty.com/homes-for-sale-with-a-gourmet-kitchen-lancaster-county
/homes-for-sale-with-a-gourmet-kitchen-maiden,1,0,https://www.helenharp-realty.com/homes-for-sale-with-a-gourmet-kitchen-maiden
/homes-for-sale-with-a-greenhouse-charlotte,1,0,https://www.helenharp-realty.com/homes-for-sale-with-a-greenhouse-charlotte
/homes-for-sale-with-a-guest-house-charlotte,1,0,https://www.helenharp-realty.com/homes-for-sale-with-a-guest-house-charlotte
/homes-for-sale-with-a-heated-pool-charlotte,1,0,https://www.helenharp-realty.com/homes-for-sale-with-a-heated-pool-charlotte
/homes-for-sale-with-a-heated-pool-lancaster-county,1,0,https://www.helenharp-realty.com/homes-for-sale-with-a-heated-pool-lancaster-county
/homes-for-sale-with-a-home-office-charlotte,1,0,https://www.helenharp-realty.com/homes-for-sale-with-a-home-office-charlotte
/homes-for-sale-with-a-home-office-lancaster-county,1,0,https://www.helenharp-realty.com/homes-for-sale-with-a-home-office-lancaster-county
/homes-for-sale-with-a-home-office-maiden,1,0,https://www.helenharp-realty.com/homes-for-sale-with-a-home-office-maiden
/homes-for-sale-with-a-kitchen-island-charlotte,1,0,https://www.helenharp-realty.com/homes-for-sale-with-a-kitchen-island-charlotte
/homes-for-sale-with-a-kitchen-island-lancaster-county,1,0,https://www.helenharp-realty.com/homes-for-sale-with-a-kitchen-island-lancaster-county
/homes-for-sale-with-a-kitchen-island-maiden,1,0,https://www.helenharp-realty.com/homes-for-sale-with-a-kitchen-island-maiden
/homes-for-sale-with-a-lake-view-charlotte,1,0,https://www.helenharp-realty.com/homes-for-sale-with-a-lake-view-charlotte
/homes-for-sale-with-a-lake-view-lancaster-county,1,0,https://www.helenharp-realty.com/homes-for-sale-with-a-lake-view-lancaster-county
/homes-for-sale-with-a-large-backyard-lancaster-county,1,0,https://www.helenharp-realty.com/homes-for-sale-with-a-large-backyard-lancaster-county
/homes-for-sale-with-a-large-backyard-maiden,1,0,https://www.helenharp-realty.com/homes-for-sale-with-a-large-backyard-maiden
/homes-for-sale-with-a-large-deck-charlotte,1,0,https://www.helenharp-realty.com/homes-for-sale-with-a-large-deck-charlotte
/homes-for-sale-with-a-large-deck-lancaster-county,1,0,https://www.helenharp-realty.com/homes-for-sale-with-a-large-deck-lancaster-county
/homes-for-sale-with-a-large-deck-maiden,1,0,https://www.helenharp-realty.com/homes-for-sale-with-a-large-deck-maiden
/homes-for-sale-with-a-large-lot-lancaster-county,1,0,https://www.helenharp-realty.com/homes-for-sale-with-a-large-lot-lancaster-county
/homes-for-sale-with-a-large-lot-maiden,1,0,https://www.helenharp-realty.com/homes-for-sale-with-a-large-lot-maiden
/homes-for-sale-with-a-large-yard-lancaster-county,1,0,https://www.helenharp-realty.com/homes-for-sale-with-a-large-yard-lancaster-county
/homes-for-sale-with-a-large-yard-maiden,1,0,https://www.helenharp-realty.com/homes-for-sale-with-a-large-yard-maiden
/homes-for-sale-with-a-laundry-room-charlotte,1,0,https://www.helenharp-realty.com/homes-for-sale-with-a-laundry-room-charlotte
/homes-for-sale-with-a-laundry-room-lancaster-county,1,0,https://www.helenharp-realty.com/homes-for-sale-with-a-laundry-room-lancaster-county
/homes-for-sale-with-a-laundry-room-maiden,1,0,https://www.helenharp-realty.com/homes-for-sale-with-a-laundry-room-maiden
/homes-for-sale-with-a-loft-charlotte,1,0,https://www.helenharp-realty.com/homes-for-sale-with-a-loft-charlotte
/homes-for-sale-with-a-loft-lancaster-county,1,0,https://www.helenharp-realty.com/homes-for-sale-with-a-loft-lancaster-county
/homes-for-sale-with-a-main-level-primary-bedroom-charlotte,1,0,https://www.helenharp-realty.com/homes-for-sale-with-a-main-level-primary-bedroom-charlotte
/homes-for-sale-with-a-modern-kitchen-charlotte,1,0,https://www.helenharp-realty.com/homes-for-sale-with-a-modern-kitchen-charlotte
/homes-for-sale-with-a-modern-kitchen-lancaster-county,1,0,https://www.helenharp-realty.com/homes-for-sale-with-a-modern-kitchen-lancaster-county
/homes-for-sale-with-a-mother-in-law-suite-charlotte,1,0,https://www.helenharp-realty.com/homes-for-sale-with-a-mother-in-law-suite-charlotte
/homes-for-sale-with-a-mother-in-law-suite-lancaster-county,1,0,https://www.helenharp-realty.com/homes-for-sale-with-a-mother-in-law-suite-lancaster-county
/homes-for-sale-with-a-mudroom-charlotte,1,0,https://www.helenharp-realty.com/homes-for-sale-with-a-mudroom-charlotte
/homes-for-sale-with-a-mudroom-lancaster-county,1,0,https://www.helenharp-realty.com/homes-for-sale-with-a-mudroom-lancaster-county
/homes-for-sale-with-a-neighborhood-pool-charlotte,1,0,https://www.helenharp-realty.com/homes-for-sale-with-a-neighborhood-pool-charlotte
/homes-for-sale-with-a-neighborhood-pool-lancaster-county,1,0,https://www.helenharp-realty.com/homes-for-sale-with-a-neighborhood-pool-lancaster-county
/homes-for-sale-with-a-neighborhood-pool-maiden,1,0,https://www.helenharp-realty.com/homes-for-sale-with-a-neighborhood-pool-maiden
/homes-for-sale-with-a-pickleball-court-charlotte,1,0,https://www.helenharp-realty.com/homes-for-sale-with-a-pickleball-court-charlotte
/homes-for-sale-with-a-pickleball-court-lancaster-county,1,0,https://www.helenharp-realty.com/homes-for-sale-with-a-pickleball-court-lancaster-county
/homes-for-sale-with-a-playground-charlotte,1,0,https://www.helenharp-realty.com/homes-for-sale-with-a-playground-charlotte
/homes-for-sale-with-a-playground-lancaster-county,1,0,https://www.helenharp-realty.com/homes-for-sale-with-a-playground-lancaster-county
/homes-for-sale-with-a-playground-maiden,1,0,https://www.helenharp-realty.com/homes-for-sale-with-a-playground-maiden
/homes-for-sale-with-a-pond-view-charlotte,1,0,https://www.helenharp-realty.com/homes-for-sale-with-a-pond-view-charlotte
/homes-for-sale-with-a-pool-and-a-hot-tub-charlotte,1,0,https://www.helenharp-realty.com/homes-for-sale-with-a-pool-and-a-hot-tub-charlotte
/homes-for-sale-with-a-pool-and-a-hot-tub-lancaster-county,1,0,https://www.helenharp-realty.com/homes-for-sale-with-a-pool-and-a-hot-tub-lancaster-county
/homes-for-sale-with-a-pool-charlotte,1,0,https://www.helenharp-realty.com/homes-for-sale-with-a-pool-charlotte
/homes-for-sale-with-a-pool-house-charlotte,1,0,https://www.helenharp-realty.com/homes-for-sale-with-a-pool-house-charlotte
/homes-for-sale-with-a-pool-house-lancaster-county,1,0,https://www.helenharp-realty.com/homes-for-sale-with-a-pool-house-lancaster-county
/homes-for-sale-with-a-pool-lancaster-county,1,0,https://www.helenharp-realty.com/homes-for-sale-with-a-pool-lancaster-county
/homes-for-sale-with-a-pool-maiden,1,0,https://www.helenharp-realty.com/homes-for-sale-with-a-pool-maiden
/homes-for-sale-with-a-private-pool-charlotte,1,0,https://www.helenharp-realty.com/homes-for-sale-with-a-private-pool-charlotte
/homes-for-sale-with-a-private-pool-lancaster-county,1,0,https://www.helenharp-realty.com/homes-for-sale-with-a-private-pool-lancaster-county
/homes-for-sale-with-a-private-pool-maiden,1,0,https://www.helenharp-realty.com/homes-for-sale-with-a-private-pool-maiden
/homes-for-sale-with-a-private-yard-lancaster-county,1,0,https://www.helenharp-realty.com/homes-for-sale-with-a-private-yard-lancaster-county
/homes-for-sale-with-a-private-yard-maiden,1,0,https://www.helenharp-realty.com/homes-for-sale-with-a-private-yard-maiden
/homes-for-sale-with-a-rear-load-garage-charlotte,1,0,https://www.helenharp-realty.com/homes-for-sale-with-a-rear-load-garage-charlotte
/homes-for-sale-with-a-rooftop-terrace-charlotte,1,0,https://www.helenharp-realty.com/homes-for-sale-with-a-rooftop-terrace-charlotte
/homes-for-sale-with-a-saltwater-pool-charlotte,1,0,https://www.helenharp-realty.com/homes-for-sale-with-a-saltwater-pool-charlotte
/homes-for-sale-with-a-saltwater-pool-lancaster-county,1,0,https://www.helenharp-realty.com/homes-for-sale-with-a-saltwater-pool-lancaster-county
/homes-for-sale-with-a-screened-porch-charlotte,1,0,https://www.helenharp-realty.com/homes-for-sale-with-a-screened-porch-charlotte
/homes-for-sale-with-a-screened-porch-lancaster-county,1,0,https://www.helenharp-realty.com/homes-for-sale-with-a-screened-porch-lancaster-county
/homes-for-sale-with-a-shed-charlotte,1,0,https://www.helenharp-realty.com/homes-for-sale-with-a-shed-charlotte
/homes-for-sale-with-a-shed-lancaster-county,1,0,https://www.helenharp-realty.com/homes-for-sale-with-a-shed-lancaster-county
/homes-for-sale-with-a-shed-maiden,1,0,https://www.helenharp-realty.com/homes-for-sale-with-a-shed-maiden
/homes-for-sale-with-a-side-load-garage-charlotte,1,0,https://www.helenharp-realty.com/homes-for-sale-with-a-side-load-garage-charlotte
/homes-for-sale-with-a-side-load-garage-lancaster-county,1,0,https://www.helenharp-realty.com/homes-for-sale-with-a-side-load-garage-lancaster-county
/homes-for-sale-with-a-side-load-garage-maiden,1,0,https://www.helenharp-realty.com/homes-for-sale-with-a-side-load-garage-maiden
/homes-for-sale-with-a-skyline-view-charlotte,1,0,https://www.helenharp-realty.com/homes-for-sale-with-a-skyline-view-charlotte
/homes-for-sale-with-a-split-bedroom-floor-plan-charlotte,1,0,https://www.helenharp-realty.com/homes-for-sale-with-a-split-bedroom-floor-plan-charlotte
/homes-for-sale-with-a-split-bedroom-floor-plan-lancaster-county,1,0,https://www.helenharp-realty.com/homes-for-sale-with-a-split-bedroom-floor-plan-lancaster-county
/homes-for-sale-with-a-split-bedroom-floor-plan-maiden,1,0,https://www.helenharp-realty.com/homes-for-sale-with-a-split-bedroom-floor-plan-maiden
/homes-for-sale-with-a-sunroom-charlotte,1,0,https://www.helenharp-realty.com/homes-for-sale-with-a-sunroom-charlotte
/homes-for-sale-with-a-sunroom-lancaster-county,1,0,https://www.helenharp-realty.com/homes-for-sale-with-a-sunroom-lancaster-county
/homes-for-sale-with-a-tennis-court-charlotte,1,0,https://www.helenharp-realty.com/homes-for-sale-with-a-tennis-court-charlotte
/homes-for-sale-with-a-two-story-foyer-charlotte,1,0,https://www.helenharp-realty.com/homes-for-sale-with-a-two-story-foyer-charlotte
/homes-for-sale-with-a-two-story-foyer-lancaster-county,1,0,https://www.helenharp-realty.com/homes-for-sale-with-a-two-story-foyer-lancaster-county
/homes-for-sale-with-a-walk-in-closet-charlotte,1,0,https://www.helenharp-realty.com/homes-for-sale-with-a-walk-in-closet-charlotte
/homes-for-sale-with-a-walk-in-closet-lancaster-county,1,0,https://www.helenharp-realty.com/homes-for-sale-with-a-walk-in-closet-lancaster-county
/homes-for-sale-with-a-walk-in-closet-maiden,1,0,https://www.helenharp-realty.com/homes-for-sale-with-a-walk-in-closet-maiden
/homes-for-sale-with-a-walk-in-pantry-charlotte,1,0,https://www.helenharp-realty.com/homes-for-sale-with-a-walk-in-pantry-charlotte
/homes-for-sale-with-a-walk-in-pantry-lancaster-county,1,0,https://www.helenharp-realty.com/homes-for-sale-with-a-walk-in-pantry-lancaster-county
/homes-for-sale-with-a-walk-in-pantry-maiden,1,0,https://www.helenharp-realty.com/homes-for-sale-with-a-walk-in-pantry-maiden
/homes-for-sale-with-a-walking-trail-charlotte,1,0,https://www.helenharp-realty.com/homes-for-sale-with-a-walking-trail-charlotte
/homes-for-sale-with-a-walking-trail-lancaster-county,1,0,https://www.helenharp-realty.com/homes-for-sale-with-a-walking-trail-lancaster-county
/homes-for-sale-with-a-walkout-basement-charlotte,1,0,https://www.helenharp-realty.com/homes-for-sale-with-a-walkout-basement-charlotte
/homes-for-sale-with-a-walkout-basement-lancaster-county,1,0,https://www.helenharp-realty.com/homes-for-sale-with-a-walkout-basement-lancaster-county
/homes-for-sale-with-a-water-view-charlotte,1,0,https://www.helenharp-realty.com/homes-for-sale-with-a-water-view-charlotte
/homes-for-sale-with-a-water-view-lancaster-county,1,0,https://www.helenharp-realty.com/homes-for-sale-with-a-water-view-lancaster-county
/homes-for-sale-with-a-wood-burning-fireplace-charlotte,1,0,https://www.helenharp-realty.com/homes-for-sale-with-a-wood-burning-fireplace-charlotte
/homes-for-sale-with-a-wood-burning-fireplace-lancaster-county,1,0,https://www.helenharp-realty.com/homes-for-sale-with-a-wood-burning-fireplace-lancaster-county
/homes-for-sale-with-a-wood-burning-fireplace-maiden,1,0,https://www.helenharp-realty.com/homes-for-sale-with-a-wood-burning-fireplace-maiden
/homes-for-sale-with-a-wooded-yard-lancaster-county,1,0,https://www.helenharp-realty.com/homes-for-sale-with-a-wooded-yard-lancaster-county
/homes-for-sale-with-a-wraparound-porch-charlotte,1,0,https://www.helenharp-realty.com/homes-for-sale-with-a-wraparound-porch-charlotte
/homes-for-sale-with-a-wraparound-porch-lancaster-county,1,0,https://www.helenharp-realty.com/homes-for-sale-with-a-wraparound-porch-lancaster-county
/homes-for-sale-with-acreage-lancaster-county,1,0,https://www.helenharp-realty.com/homes-for-sale-with-acreage-lancaster-county
/homes-for-sale-with-acreage-maiden,1,0,https://www.helenharp-realty.com/homes-for-sale-with-acreage-maiden
/homes-for-sale-with-an-above-ground-pool-charlotte,1,0,https://www.helenharp-realty.com/homes-for-sale-with-an-above-ground-pool-charlotte
/homes-for-sale-with-an-above-ground-pool-lancaster-county,1,0,https://www.helenharp-realty.com/homes-for-sale-with-an-above-ground-pool-lancaster-county
/homes-for-sale-with-an-accessory-dwelling-unit-charlotte,1,0,https://www.helenharp-realty.com/homes-for-sale-with-an-accessory-dwelling-unit-charlotte
/homes-for-sale-with-an-adu-charlotte,1,0,https://www.helenharp-realty.com/homes-for-sale-with-an-adu-charlotte
/homes-for-sale-with-an-attached-garage-brevard-nc,1,0,https://www.helenharp-realty.com/homes-for-sale-with-an-attached-garage-brevard-nc
/homes-for-sale-with-an-attached-garage-charlotte,1,0,https://www.helenharp-realty.com/homes-for-sale-with-an-attached-garage-charlotte
/homes-for-sale-with-an-attached-garage-lancaster-county,1,0,https://www.helenharp-realty.com/homes-for-sale-with-an-attached-garage-lancaster-county
/homes-for-sale-with-an-attached-garage-maiden,1,0,https://www.helenharp-realty.com/homes-for-sale-with-an-attached-garage-maiden
/homes-for-sale-with-an-attic-charlotte,1,0,https://www.helenharp-realty.com/homes-for-sale-with-an-attic-charlotte
/homes-for-sale-with-an-attic-lancaster-county,1,0,https://www.helenharp-realty.com/homes-for-sale-with-an-attic-lancaster-county
/homes-for-sale-with-an-attic-maiden,1,0,https://www.helenharp-realty.com/homes-for-sale-with-an-attic-maiden
/homes-for-sale-with-an-in-ground-pool-lancaster-county,1,0,https://www.helenharp-realty.com/homes-for-sale-with-an-in-ground-pool-lancaster-county
/homes-for-sale-with-an-in-ground-pool-maiden,1,0,https://www.helenharp-realty.com/homes-for-sale-with-an-in-ground-pool-maiden
/homes-for-sale-with-an-in-law-suite-charlotte,1,0,https://www.helenharp-realty.com/homes-for-sale-with-an-in-law-suite-charlotte
/homes-for-sale-with-an-in-law-suite-lancaster-county,1,0,https://www.helenharp-realty.com/homes-for-sale-with-an-in-law-suite-lancaster-county
/homes-for-sale-with-an-open-concept-floor-plan-charlotte,1,0,https://www.helenharp-realty.com/homes-for-sale-with-an-open-concept-floor-plan-charlotte
/homes-for-sale-with-an-open-concept-floor-plan-lancaster-county,1,0,https://www.helenharp-realty.com/homes-for-sale-with-an-open-concept-floor-plan-lancaster-county
/homes-for-sale-with-an-open-concept-floor-plan-maiden,1,0,https://www.helenharp-realty.com/homes-for-sale-with-an-open-concept-floor-plan-maiden
/homes-for-sale-with-an-open-floor-plan-charlotte,1,0,https://www.helenharp-realty.com/homes-for-sale-with-an-open-floor-plan-charlotte
/homes-for-sale-with-an-open-floor-plan-lancaster-county,1,0,https://www.helenharp-realty.com/homes-for-sale-with-an-open-floor-plan-lancaster-county
/homes-for-sale-with-an-open-floor-plan-maiden,1,0,https://www.helenharp-realty.com/homes-for-sale-with-an-open-floor-plan-maiden
/homes-for-sale-with-an-outdoor-kitchen-charlotte,1,0,https://www.helenharp-realty.com/homes-for-sale-with-an-outdoor-kitchen-charlotte
/homes-for-sale-with-an-outdoor-kitchen-lancaster-county,1,0,https://www.helenharp-realty.com/homes-for-sale-with-an-outdoor-kitchen-lancaster-county
/homes-for-sale-with-an-oversized-garage-charlotte,1,0,https://www.helenharp-realty.com/homes-for-sale-with-an-oversized-garage-charlotte
/homes-for-sale-with-an-oversized-garage-lancaster-county,1,0,https://www.helenharp-realty.com/homes-for-sale-with-an-oversized-garage-lancaster-county
/homes-for-sale-with-an-unfinished-basement-charlotte,1,0,https://www.helenharp-realty.com/homes-for-sale-with-an-unfinished-basement-charlotte
/homes-for-sale-with-an-unfinished-basement-lancaster-county,1,0,https://www.helenharp-realty.com/homes-for-sale-with-an-unfinished-basement-lancaster-county
/homes-for-sale-with-an-unfinished-basement-maiden,1,0,https://www.helenharp-realty.com/homes-for-sale-with-an-unfinished-basement-maiden
/homes-for-sale-with-an-updated-kitchen-charlotte,1,0,https://www.helenharp-realty.com/homes-for-sale-with-an-updated-kitchen-charlotte
/homes-for-sale-with-an-updated-kitchen-lancaster-county,1,0,https://www.helenharp-realty.com/homes-for-sale-with-an-updated-kitchen-lancaster-county
/homes-for-sale-with-boat-parking-charlotte,1,0,https://www.helenharp-realty.com/homes-for-sale-with-boat-parking-charlotte
/homes-for-sale-with-boat-parking-lancaster-county,1,0,https://www.helenharp-realty.com/homes-for-sale-with-boat-parking-lancaster-county
/homes-for-sale-with-covered-parking-charlotte,1,0,https://www.helenharp-realty.com/homes-for-sale-with-covered-parking-charlotte
/homes-for-sale-with-dual-primary-bedrooms-charlotte,1,0,https://www.helenharp-realty.com/homes-for-sale-with-dual-primary-bedrooms-charlotte
/homes-for-sale-with-dual-primary-bedrooms-lancaster-county,1,0,https://www.helenharp-realty.com/homes-for-sale-with-dual-primary-bedrooms-lancaster-county
/homes-for-sale-with-granite-countertops-charlotte,1,0,https://www.helenharp-realty.com/homes-for-sale-with-granite-countertops-charlotte
/homes-for-sale-with-granite-countertops-lancaster-county,1,0,https://www.helenharp-realty.com/homes-for-sale-with-granite-countertops-lancaster-county
/homes-for-sale-with-granite-countertops-maiden,1,0,https://www.helenharp-realty.com/homes-for-sale-with-granite-countertops-maiden
/homes-for-sale-with-half-an-acre-lancaster-county,1,0,https://www.helenharp-realty.com/homes-for-sale-with-half-an-acre-lancaster-county
/homes-for-sale-with-half-an-acre-maiden,1,0,https://www.helenharp-realty.com/homes-for-sale-with-half-an-acre-maiden
/homes-for-sale-with-hardwood-floors-charlotte,1,0,https://www.helenharp-realty.com/homes-for-sale-with-hardwood-floors-charlotte
/homes-for-sale-with-hardwood-floors-lancaster-county,1,0,https://www.helenharp-realty.com/homes-for-sale-with-hardwood-floors-lancaster-county
/homes-for-sale-with-hardwood-floors-maiden,1,0,https://www.helenharp-realty.com/homes-for-sale-with-hardwood-floors-maiden
/homes-for-sale-with-hoa-maintained-lawns-charlotte,1,0,https://www.helenharp-realty.com/homes-for-sale-with-hoa-maintained-lawns-charlotte
/homes-for-sale-with-hoa-maintained-lawns-lancaster-county,1,0,https://www.helenharp-realty.com/homes-for-sale-with-hoa-maintained-lawns-lancaster-county
/homes-for-sale-with-lake-access-lancaster-county,1,0,https://www.helenharp-realty.com/homes-for-sale-with-lake-access-lancaster-county
/homes-for-sale-with-low-hoa-fees-charlotte,1,0,https://www.helenharp-realty.com/homes-for-sale-with-low-hoa-fees-charlotte
/homes-for-sale-with-low-hoa-fees-lancaster-county,1,0,https://www.helenharp-realty.com/homes-for-sale-with-low-hoa-fees-lancaster-county
/homes-for-sale-with-no-hoa-charlotte,1,0,https://www.helenharp-realty.com/homes-for-sale-with-no-hoa-charlotte
/homes-for-sale-with-no-hoa-lancaster-county,1,0,https://www.helenharp-realty.com/homes-for-sale-with-no-hoa-lancaster-county
/homes-for-sale-with-no-hoa-leicester,1,0,https://www.helenharp-realty.com/homes-for-sale-with-no-hoa-leicester
/homes-for-sale-with-no-hoa-maiden,1,0,https://www.helenharp-realty.com/homes-for-sale-with-no-hoa-maiden
/homes-for-sale-with-no-hoa-polkton,1,0,https://www.helenharp-realty.com/homes-for-sale-with-no-hoa-polkton
/homes-for-sale-with-quartz-countertops-charlotte,1,0,https://www.helenharp-realty.com/homes-for-sale-with-quartz-countertops-charlotte
/homes-for-sale-with-quartz-countertops-lancaster-county,1,0,https://www.helenharp-realty.com/homes-for-sale-with-quartz-countertops-lancaster-county
/homes-for-sale-with-quartz-countertops-maiden,1,0,https://www.helenharp-realty.com/homes-for-sale-with-quartz-countertops-maiden
/homes-for-sale-with-rv-parking-charlotte,1,0,https://www.helenharp-realty.com/homes-for-sale-with-rv-parking-charlotte
/homes-for-sale-with-rv-parking-lancaster-county,1,0,https://www.helenharp-realty.com/homes-for-sale-with-rv-parking-lancaster-county
/homes-for-sale-with-separate-living-quarters-charlotte,1,0,https://www.helenharp-realty.com/homes-for-sale-with-separate-living-quarters-charlotte
/homes-for-sale-with-separate-living-quarters-lancaster-county,1,0,https://www.helenharp-realty.com/homes-for-sale-with-separate-living-quarters-lancaster-county
/homes-for-sale-with-stainless-steel-appliances-charlotte,1,0,https://www.helenharp-realty.com/homes-for-sale-with-stainless-steel-appliances-charlotte
/homes-for-sale-with-stainless-steel-appliances-maiden,1,0,https://www.helenharp-realty.com/homes-for-sale-with-stainless-steel-appliances-maiden
/homes-for-sale-with-vaulted-ceilings-charlotte,1,0,https://www.helenharp-realty.com/homes-for-sale-with-vaulted-ceilings-charlotte
/homes-for-sale-with-vaulted-ceilings-lancaster-county,1,0,https://www.helenharp-realty.com/homes-for-sale-with-vaulted-ceilings-lancaster-county
/homes-for-sale-with-water-access-charlotte,1,0,https://www.helenharp-realty.com/homes-for-sale-with-water-access-charlotte
/homes-for-sale-zoned-to-albemarle-road-elementary,1,1,https://www.helenharp-realty.com/homes-for-sale-zoned-to-albemarle-road-elementary
/homes-for-sale-zoned-to-ashley-park-elementary,1,1,https://www.helenharp-realty.com/homes-for-sale-zoned-to-ashley-park-elementary
/homes-for-sale-zoned-to-ballantyne-elementary,1,1,https://www.helenharp-realty.com/homes-for-sale-zoned-to-ballantyne-elementary
/homes-for-sale-zoned-to-berewick-elementary,1,1,https://www.helenharp-realty.com/homes-for-sale-zoned-to-berewick-elementary
/homes-for-sale-zoned-to-berryhill-elementary,1,1,https://www.helenharp-realty.com/homes-for-sale-zoned-to-berryhill-elementary
/homes-for-sale-zoned-to-beverly-woods-elementary,1,1,https://www.helenharp-realty.com/homes-for-sale-zoned-to-beverly-woods-elementary
/homes-for-sale-zoned-to-billingsville-cotswold-elementary,1,1,https://www.helenharp-realty.com/homes-for-sale-zoned-to-billingsville-cotswold-elementary
/homes-for-sale-zoned-to-briarwood-elementary,1,1,https://www.helenharp-realty.com/homes-for-sale-zoned-to-briarwood-elementary
/homes-for-sale-zoned-to-bruns-avenue-elementary,1,1,https://www.helenharp-realty.com/homes-for-sale-zoned-to-bruns-avenue-elementary
/homes-for-sale-zoned-to-buffalo-elementary,1,1,https://www.helenharp-realty.com/homes-for-sale-zoned-to-buffalo-elementary
/homes-for-sale-zoned-to-charles-h-parker-academic-center-elementary,1,1,https://www.helenharp-realty.com/homes-for-sale-zoned-to-charles-h-parker-academic-center-elementary
/homes-for-sale-zoned-to-croft-community-elementary,1,1,https://www.helenharp-realty.com/homes-for-sale-zoned-to-croft-community-elementary
/homes-for-sale-zoned-to-david-cox-road-elementary,1,1,https://www.helenharp-realty.com/homes-for-sale-zoned-to-david-cox-road-elementary
/homes-for-sale-zoned-to-dilworth-elementary,1,1,https://www.helenharp-realty.com/homes-for-sale-zoned-to-dilworth-elementary
/homes-for-sale-zoned-to-dilworth-latta-campus-dilworth-sedgefield-campus-elementary,1,1,https://www.helenharp-realty.com/homes-for-sale-zoned-to-dilworth-latta-campus-dilworth-sedgefield-campus-elementary
/homes-for-sale-zoned-to-dilworth-sedgefield-elementary,1,1,https://www.helenharp-realty.com/homes-for-sale-zoned-to-dilworth-sedgefield-elementary
/homes-for-sale-zoned-to-eastover-elementary,1,1,https://www.helenharp-realty.com/homes-for-sale-zoned-to-eastover-elementary
/homes-for-sale-zoned-to-elizabeth-lane-elementary,1,1,https://www.helenharp-realty.com/homes-for-sale-zoned-to-elizabeth-lane-elementary
/homes-for-sale-zoned-to-elon-park-elementary,1,1,https://www.helenharp-realty.com/homes-for-sale-zoned-to-elon-park-elementary
/homes-for-sale-zoned-to-endhaven-elementary,1,1,https://www.helenharp-realty.com/homes-for-sale-zoned-to-endhaven-elementary
/homes-for-sale-zoned-to-first-ward-elementary,1,1,https://www.helenharp-realty.com/homes-for-sale-zoned-to-first-ward-elementary
/homes-for-sale-zoned-to-governors-village-elementary,1,1,https://www.helenharp-realty.com/homes-for-sale-zoned-to-governors-village-elementary
/homes-for-sale-zoned-to-greenway-park-elementary,1,1,https://www.helenharp-realty.com/homes-for-sale-zoned-to-greenway-park-elementary
/homes-for-sale-zoned-to-grove-park-elementary,1,1,https://www.helenharp-realty.com/homes-for-sale-zoned-to-grove-park-elementary
/homes-for-sale-zoned-to-hawk-ridge-elementary,1,1,https://www.helenharp-realty.com/homes-for-sale-zoned-to-hawk-ridge-elementary
/homes-for-sale-zoned-to-hickory-grove-elementary,1,1,https://www.helenharp-realty.com/homes-for-sale-zoned-to-hickory-grove-elementary
/homes-for-sale-zoned-to-hidden-valley-elementary,1,1,https://www.helenharp-realty.com/homes-for-sale-zoned-to-hidden-valley-elementary
/homes-for-sale-zoned-to-highland-creek-elementary,1,1,https://www.helenharp-realty.com/homes-for-sale-zoned-to-highland-creek-elementary
/homes-for-sale-zoned-to-highland-renaissance-elementary,1,1,https://www.helenharp-realty.com/homes-for-sale-zoned-to-highland-renaissance-elementary
/homes-for-sale-zoned-to-hornets-nest-elementary,1,1,https://www.helenharp-realty.com/homes-for-sale-zoned-to-hornets-nest-elementary
/homes-for-sale-zoned-to-huntingtowne-farms-elementary,1,1,https://www.helenharp-realty.com/homes-for-sale-zoned-to-huntingtowne-farms-elementary
/homes-for-sale-zoned-to-idlewild-elementary,1,1,https://www.helenharp-realty.com/homes-for-sale-zoned-to-idlewild-elementary
/homes-for-sale-zoned-to-j-h-gunn-elementary,1,1,https://www.helenharp-realty.com/homes-for-sale-zoned-to-j-h-gunn-elementary
/homes-for-sale-zoned-to-j-w-grier-elementary,1,1,https://www.helenharp-realty.com/homes-for-sale-zoned-to-j-w-grier-elementary
/homes-for-sale-zoned-to-knights-view-elementary,1,1,https://www.helenharp-realty.com/homes-for-sale-zoned-to-knights-view-elementary
/homes-for-sale-zoned-to-lake-wylie-elementary,1,1,https://www.helenharp-realty.com/homes-for-sale-zoned-to-lake-wylie-elementary
/homes-for-sale-zoned-to-lansdowne-elementary,1,1,https://www.helenharp-realty.com/homes-for-sale-zoned-to-lansdowne-elementary
/homes-for-sale-zoned-to-lawrence-orr-elementary,1,1,https://www.helenharp-realty.com/homes-for-sale-zoned-to-lawrence-orr-elementary
/homes-for-sale-zoned-to-lebanon-road-elementary,1,1,https://www.helenharp-realty.com/homes-for-sale-zoned-to-lebanon-road-elementary
/homes-for-sale-zoned-to-long-creek-elementary,1,1,https://www.helenharp-realty.com/homes-for-sale-zoned-to-long-creek-elementary
/homes-for-sale-zoned-to-maiden-elementary,1,1,https://www.helenharp-realty.com/homes-for-sale-zoned-to-maiden-elementary
/homes-for-sale-zoned-to-mallard-creek-elementary,1,1,https://www.helenharp-realty.com/homes-for-sale-zoned-to-mallard-creek-elementary
/homes-for-sale-zoned-to-mcalpine-elementary,1,1,https://www.helenharp-realty.com/homes-for-sale-zoned-to-mcalpine-elementary
/homes-for-sale-zoned-to-mckee-road-elementary,1,1,https://www.helenharp-realty.com/homes-for-sale-zoned-to-mckee-road-elementary
/homes-for-sale-zoned-to-merry-oaks-elementary,1,1,https://www.helenharp-realty.com/homes-for-sale-zoned-to-merry-oaks-elementary
/homes-for-sale-zoned-to-montclaire-elementary,1,1,https://www.helenharp-realty.com/homes-for-sale-zoned-to-montclaire-elementary
/homes-for-sale-zoned-to-mountain-island-lake-academy-elementary,1,1,https://www.helenharp-realty.com/homes-for-sale-zoned-to-mountain-island-lake-academy-elementary
/homes-for-sale-zoned-to-newell-elementary,1,1,https://www.helenharp-realty.com/homes-for-sale-zoned-to-newell-elementary
/homes-for-sale-zoned-to-oakdale-elementary,1,1,https://www.helenharp-realty.com/homes-for-sale-zoned-to-oakdale-elementary
/homes-for-sale-zoned-to-oakhurst-steam-academy-elementary,1,1,https://www.helenharp-realty.com/homes-for-sale-zoned-to-oakhurst-steam-academy-elementary
/homes-for-sale-zoned-to-olde-providence-elementary,1,1,https://www.helenharp-realty.com/homes-for-sale-zoned-to-olde-providence-elementary
/homes-for-sale-zoned-to-palisades-park-elementary,1,1,https://www.helenharp-realty.com/homes-for-sale-zoned-to-palisades-park-elementary
/homes-for-sale-zoned-to-park-road-elementary,1,1,https://www.helenharp-realty.com/homes-for-sale-zoned-to-park-road-elementary
/homes-for-sale-zoned-to-paw-creek-elementary,1,1,https://www.helenharp-realty.com/homes-for-sale-zoned-to-paw-creek-elementary
/homes-for-sale-zoned-to-pinewood-mecklenburg-elementary,1,1,https://www.helenharp-realty.com/homes-for-sale-zoned-to-pinewood-mecklenburg-elementary
/homes-for-sale-zoned-to-piney-grove-elementary,1,1,https://www.helenharp-realty.com/homes-for-sale-zoned-to-piney-grove-elementary
/homes-for-sale-zoned-to-polo-ridge-elementary,1,1,https://www.helenharp-realty.com/homes-for-sale-zoned-to-polo-ridge-elementary
/homes-for-sale-zoned-to-providence-spring-elementary,1,1,https://www.helenharp-realty.com/homes-for-sale-zoned-to-providence-spring-elementary
/homes-for-sale-zoned-to-rama-road-elementary,1,1,https://www.helenharp-realty.com/homes-for-sale-zoned-to-rama-road-elementary
/homes-for-sale-zoned-to-reedy-creek-elementary,1,1,https://www.helenharp-realty.com/homes-for-sale-zoned-to-reedy-creek-elementary
/homes-for-sale-zoned-to-reid-park-elementary,1,1,https://www.helenharp-realty.com/homes-for-sale-zoned-to-reid-park-elementary
/homes-for-sale-zoned-to-river-gate-elementary,1,1,https://www.helenharp-realty.com/homes-for-sale-zoned-to-river-gate-elementary
/homes-for-sale-zoned-to-river-oaks-academy-elementary,1,1,https://www.helenharp-realty.com/homes-for-sale-zoned-to-river-oaks-academy-elementary
/homes-for-sale-zoned-to-selwyn-elementary,1,1,https://www.helenharp-realty.com/homes-for-sale-zoned-to-selwyn-elementary
/homes-for-sale-zoned-to-shamrock-gardens-elementary,1,1,https://www.helenharp-realty.com/homes-for-sale-zoned-to-shamrock-gardens-elementary
/homes-for-sale-zoned-to-sharon-elementary,1,1,https://www.helenharp-realty.com/homes-for-sale-zoned-to-sharon-elementary
/homes-for-sale-zoned-to-smithfield-elementary,1,1,https://www.helenharp-realty.com/homes-for-sale-zoned-to-smithfield-elementary
/homes-for-sale-zoned-to-south-pine-academy-elementary,1,1,https://www.helenharp-realty.com/homes-for-sale-zoned-to-south-pine-academy-elementary
/homes-for-sale-zoned-to-starmount-elementary,1,1,https://www.helenharp-realty.com/homes-for-sale-zoned-to-starmount-elementary
/homes-for-sale-zoned-to-statesville-road-elementary,1,1,https://www.helenharp-realty.com/homes-for-sale-zoned-to-statesville-road-elementary
/homes-for-sale-zoned-to-steele-creek-elementary,1,1,https://www.helenharp-realty.com/homes-for-sale-zoned-to-steele-creek-elementary
/homes-for-sale-zoned-to-sterling-elementary,1,1,https://www.helenharp-realty.com/homes-for-sale-zoned-to-sterling-elementary
/homes-for-sale-zoned-to-stoney-creek-elementary,1,1,https://www.helenharp-realty.com/homes-for-sale-zoned-to-stoney-creek-elementary
/homes-for-sale-zoned-to-thomasboro-academy-elementary,1,1,https://www.helenharp-realty.com/homes-for-sale-zoned-to-thomasboro-academy-elementary
/homes-for-sale-zoned-to-tuckaseegee-elementary,1,1,https://www.helenharp-realty.com/homes-for-sale-zoned-to-tuckaseegee-elementary
/homes-for-sale-zoned-to-tuttle-elementary,1,1,https://www.helenharp-realty.com/homes-for-sale-zoned-to-tuttle-elementary
/homes-for-sale-zoned-to-university-meadows-elementary,1,1,https://www.helenharp-realty.com/homes-for-sale-zoned-to-university-meadows-elementary
/homes-for-sale-zoned-to-vaughan-academy-of-technology-at-parkside-elementary,1,1,https://www.helenharp-realty.com/homes-for-sale-zoned-to-vaughan-academy-of-technology-at-parkside-elementary
/homes-for-sale-zoned-to-villa-heights-elementary,1,1,https://www.helenharp-realty.com/homes-for-sale-zoned-to-villa-heights-elementary
/homes-for-sale-zoned-to-walter-g-byers-elementary,1,1,https://www.helenharp-realty.com/homes-for-sale-zoned-to-walter-g-byers-elementary
/homes-for-sale-zoned-to-westerly-hills-elementary,1,1,https://www.helenharp-realty.com/homes-for-sale-zoned-to-westerly-hills-elementary
/homes-for-sale-zoned-to-whitewater-academy-elementary,1,1,https://www.helenharp-realty.com/homes-for-sale-zoned-to-whitewater-academy-elementary
/homes-for-sale-zoned-to-winding-springs-elementary,1,1,https://www.helenharp-realty.com/homes-for-sale-zoned-to-winding-springs-elementary
/homes-for-sale-zoned-to-windsor-park-elementary,1,1,https://www.helenharp-realty.com/homes-for-sale-zoned-to-windsor-park-elementary
/homes-for-sale-zoned-to-winget-park-elementary,1,1,https://www.helenharp-realty.com/homes-for-sale-zoned-to-winget-park-elementary
/investment-homes-for-sale-enderly-park-nc,1,1,https://www.helenharp-realty.com/investment-homes-for-sale-enderly-park-nc
/investment-homes-for-sale-wesley-heights-nc,1,1,https://www.helenharp-realty.com/investment-homes-for-sale-wesley-heights-nc
/lake-community-homes-for-sale-charlotte,1,0,https://www.helenharp-realty.com/lake-community-homes-for-sale-charlotte
/lake-homes-for-sale-lancaster-county,1,1,https://www.helenharp-realty.com/lake-homes-for-sale-lancaster-county
/lakefront-homes-for-sale-charlotte,1,0,https://www.helenharp-realty.com/lakefront-homes-for-sale-charlotte
/leased-homes-for-sale-{n}-nc-listings,1,0,https://www.helenharp-realty.com/leased-homes-for-sale-28203-nc-listings
/living-in-{n}-homes-for-sale-nc,1,0,https://www.helenharp-realty.com/living-in-28227-homes-for-sale-nc
/lock-and-leave-homes-for-sale-charlotte,1,0,https://www.helenharp-realty.com/lock-and-leave-homes-for-sale-charlotte
/luxury-homes-for-sale-charlotte,1,0,https://www.helenharp-realty.com/luxury-homes-for-sale-charlotte
/luxury-homes-for-sale-lancaster-county,1,0,https://www.helenharp-realty.com/luxury-homes-for-sale-lancaster-county
/maintenance-free-homes-for-sale-charlotte,1,0,https://www.helenharp-realty.com/maintenance-free-homes-for-sale-charlotte
/mansions-homes-for-sale-providence-country-club-nc,1,1,https://www.helenharp-realty.com/mansions-homes-for-sale-providence-country-club-nc
/master-planned-community-homes-for-sale-charlotte,1,0,https://www.helenharp-realty.com/master-planned-community-homes-for-sale-charlotte
/master-planned-community-homes-for-sale-lancaster-county,1,0,https://www.helenharp-realty.com/master-planned-community-homes-for-sale-lancaster-county
/million-dollar-homes-for-sale-charlotte,1,0,https://www.helenharp-realty.com/million-dollar-homes-for-sale-charlotte
/million-dollar-homes-for-sale-lancaster-county,1,0,https://www.helenharp-realty.com/million-dollar-homes-for-sale-lancaster-county
/modern-homes-for-sale-{n},1,1,https://www.helenharp-realty.com/modern-homes-for-sale-28227
/modern-homes-for-sale-charlotte,1,0,https://www.helenharp-realty.com/modern-homes-for-sale-charlotte
/modern-townhomes-for-sale-charlotte,1,1,https://www.helenharp-realty.com/modern-townhomes-for-sale-charlotte
/modern-townhomes-for-sale-lancaster-county,1,1,https://www.helenharp-realty.com/modern-townhomes-for-sale-lancaster-county
/mountain-homes-for-sale-brevard,1,1,https://www.helenharp-realty.com/mountain-homes-for-sale-brevard
/mountain-townhomes-for-sale-charlotte-nc,1,1,https://www.helenharp-realty.com/mountain-townhomes-for-sale-charlotte-nc
/mountain-waterfront-homes-for-sale-charlotte-nc,1,1,https://www.helenharp-realty.com/mountain-waterfront-homes-for-sale-charlotte-nc
/move-in-ready-homes-for-sale-charlotte,1,0,https://www.helenharp-realty.com/move-in-ready-homes-for-sale-charlotte
/move-in-ready-homes-for-sale-lancaster-county,1,0,https://www.helenharp-realty.com/move-in-ready-homes-for-sale-lancaster-county
/move-in-ready-new-homes-for-sale-charlotte-nc,1,1,https://www.helenharp-realty.com/move-in-ready-new-homes-for-sale-charlotte-nc
/move-in-ready-townhomes-for-sale-charlotte,1,1,https://www.helenharp-realty.com/move-in-ready-townhomes-for-sale-charlotte
/multi-family-homes-for-sale-lancaster-county,1,1,https://www.helenharp-realty.com/multi-family-homes-for-sale-lancaster-county
/multi-generational-adu-homes-for-sale-charlotte-nc,1,1,https://www.helenharp-realty.com/multi-generational-adu-homes-for-sale-charlotte-nc
/multi-unit-townhomes-for-sale-charlotte-nc,1,1,https://www.helenharp-realty.com/multi-unit-townhomes-for-sale-charlotte-nc
/new-construction-homes-for-sale-charlotte,1,0,https://www.helenharp-realty.com/new-construction-homes-for-sale-charlotte
/new-construction-homes-for-sale-lancaster-county,1,0,https://www.helenharp-realty.com/new-construction-homes-for-sale-lancaster-county
/new-construction-homes-for-sale-maiden,1,0,https://www.helenharp-realty.com/new-construction-homes-for-sale-maiden
/new-construction-homes-for-sale-york-sc-listings,1,0,https://www.helenharp-realty.com/new-construction-homes-for-sale-york-sc-listings
/new-construction-townhomes-for-sale-charlotte,1,1,https://www.helenharp-realty.com/new-construction-townhomes-for-sale-charlotte
/new-construction-townhomes-for-sale-lancaster-county,1,1,https://www.helenharp-realty.com/new-construction-townhomes-for-sale-lancaster-county
/new-home-community-homes-for-sale-lancaster-county,1,0,https://www.helenharp-realty.com/new-home-community-homes-for-sale-lancaster-county
/new-homes-for-sale-cline-village,1,1,https://www.helenharp-realty.com/new-homes-for-sale-cline-village
/new-homes-for-sale-union,1,1,https://www.helenharp-realty.com/new-homes-for-sale-union
/new-luxury-homes-for-sale-lancaster-county,1,1,https://www.helenharp-realty.com/new-luxury-homes-for-sale-lancaster-county
/new-luxury-townhomes-for-sale-charlotte,1,1,https://www.helenharp-realty.com/new-luxury-townhomes-for-sale-charlotte
/new-pre-construction-homes-for-sale-charlotte,1,1,https://www.helenharp-realty.com/new-pre-construction-homes-for-sale-charlotte
/new-retirement-homes-for-sale-charlotte-nc,1,1,https://www.helenharp-realty.com/new-retirement-homes-for-sale-charlotte-nc
/new-townhomes-for-sale-charlotte,1,1,https://www.helenharp-realty.com/new-townhomes-for-sale-charlotte
/new-townhomes-for-sale-lancaster-county,1,1,https://www.helenharp-realty.com/new-townhomes-for-sale-lancaster-county
/newly-built-homes-for-sale-charlotte,1,0,https://www.helenharp-realty.com/newly-built-homes-for-sale-charlotte
/newly-built-homes-for-sale-lancaster-county,1,0,https://www.helenharp-realty.com/newly-built-homes-for-sale-lancaster-county
/newly-built-homes-for-sale-maiden,1,0,https://www.helenharp-realty.com/newly-built-homes-for-sale-maiden
/no-hoa-townhomes-for-sale-charlotte-nc,1,1,https://www.helenharp-realty.com/no-hoa-townhomes-for-sale-charlotte-nc
/one-bedroom-townhomes-for-sale-charlotte-nc,1,1,https://www.helenharp-realty.com/one-bedroom-townhomes-for-sale-charlotte-nc
/one-level-townhomes-for-sale-charlotte-nc,1,1,https://www.helenharp-realty.com/one-level-townhomes-for-sale-charlotte-nc
/one-story-townhomes-for-sale-charlotte-nc,1,1,https://www.helenharp-realty.com/one-story-townhomes-for-sale-charlotte-nc
/patio-townhomes-for-sale-charlotte,1,1,https://www.helenharp-realty.com/patio-townhomes-for-sale-charlotte
/patio-townhomes-for-sale-lancaster-county,1,1,https://www.helenharp-realty.com/patio-townhomes-for-sale-lancaster-county
/price-reduced-homes-for-sale-charlotte,1,0,https://www.helenharp-realty.com/price-reduced-homes-for-sale-charlotte
/price-reduced-homes-for-sale-lancaster-county,1,0,https://www.helenharp-realty.com/price-reduced-homes-for-sale-lancaster-county
/price-reduced-homes-for-sale-maiden,1,0,https://www.helenharp-realty.com/price-reduced-homes-for-sale-maiden
/privacy,1,1,https://www.helenharp-realty.com/privacy/
/private-pool-homes-for-sale-foxcroft-nc-listings,1,0,https://www.helenharp-realty.com/private-pool-homes-for-sale-foxcroft-nc-listings
/property-101-ruffed-grouse-road-brevard-,1,0,https://www.helenharp-realty.com/property-101-ruffed-grouse-road-brevard-nc-4422694
/property-102-wellington-hills-circle-sal,1,0,https://www.helenharp-realty.com/property-102-wellington-hills-circle-salisbury-nc-4424548
/property-105-stoneybrook-road-salisbury-,1,0,https://www.helenharp-realty.com/property-105-stoneybrook-road-salisbury-nc-4426829
/property-{n}-queensmead-circle-charlotte,1,0,https://www.helenharp-realty.com/property-10520-queensmead-circle-charlotte-nc-4427986
/property-1058-n-lilac-lane-salisbury-nc-,1,0,https://www.helenharp-realty.com/property-1058-n-lilac-lane-salisbury-nc-4424096
/property-106-green-acres-avenue-brevard-,1,0,https://www.helenharp-realty.com/property-106-green-acres-avenue-brevard-nc-4388358
/property-{n}-candlestick-court-charlotte,1,0,https://www.helenharp-realty.com/property-10609-candlestick-court-charlotte-nc-4424540
/property-{n}-argosy-drive-lancaster-sc-{,1,0,https://www.helenharp-realty.com/property-11013-argosy-drive-lancaster-sc-4427320
/property-111-kanunu-court-brevard-nc-{n},1,0,https://www.helenharp-realty.com/property-111-kanunu-court-brevard-nc-4422371
/property-112-brookside-drive-union-sc-{n,1,0,https://www.helenharp-realty.com/property-112-brookside-drive-union-sc-4401480
/property-{n}-walking-horse-lane-charlott,1,0,https://www.helenharp-realty.com/property-11200-walking-horse-lane-charlotte-nc-4426487
/property-1124-berryhill-road-charlotte-n,1,0,https://www.helenharp-realty.com/property-1124-berryhill-road-charlotte-nc-4403882
/property-113-riverside-estate-road-breva,1,0,https://www.helenharp-realty.com/property-113-riverside-estate-road-brevard-nc-4420795
/property-{n}-hunters-landing-drive-charl,1,0,https://www.helenharp-realty.com/property-11320-hunters-landing-drive-charlotte-nc-4426224
/property-{n}-larix-drive-charlotte-nc-{n,1,0,https://www.helenharp-realty.com/property-11413-larix-drive-charlotte-nc-4424711
/property-{n}-cardinal-creek-avenue-charl,1,0,https://www.helenharp-realty.com/property-11527-cardinal-creek-avenue-charlotte-nc-4374942
/property-1177-stonegate-drive-salisbury-,1,0,https://www.helenharp-realty.com/property-1177-stonegate-drive-salisbury-nc-4426364
/property-122-russet-road-union-sc-{n},1,0,https://www.helenharp-realty.com/property-122-russet-road-union-sc-4423127
/property-123-russet-road-union-sc-{n},1,0,https://www.helenharp-realty.com/property-123-russet-road-union-sc-4407166
/property-124-russet-road-union-sc-{n},1,0,https://www.helenharp-realty.com/property-124-russet-road-union-sc-4423129
/property-125-russet-road-union-sc-{n},1,0,https://www.helenharp-realty.com/property-125-russet-road-union-sc-4402186
/property-1258-ambrosia-drive-92-york-sc-,1,0,https://www.helenharp-realty.com/property-1258-ambrosia-drive-92-york-sc-4422224
/property-127-russet-road-union-sc-{n},1,0,https://www.helenharp-realty.com/property-127-russet-road-union-sc-4414337
/property-129-russet-road-union-sc-{n},1,0,https://www.helenharp-realty.com/property-129-russet-road-union-sc-4422743
/property-130-ridge-creek-court-salisbury,1,0,https://www.helenharp-realty.com/property-130-ridge-creek-court-salisbury-nc-4425146
/property-1313-e-maiden-road-maiden-nc-{n,1,0,https://www.helenharp-realty.com/property-1313-e-maiden-road-maiden-nc-4429990
/property-1315-east-boulevard-407-charlot,1,0,https://www.helenharp-realty.com/property-1315-east-boulevard-407-charlotte-nc-4405107
/property-{n}-norlington-court-charlotte-,1,0,https://www.helenharp-realty.com/property-13504-norlington-court-charlotte-nc-4424845
/property-138-arlingdale-drive-york-sc-{n,1,0,https://www.helenharp-realty.com/property-138-arlingdale-drive-york-sc-4419244
/property-139-e-forest-drive-union-sc-{n},1,0,https://www.helenharp-realty.com/property-139-e-forest-drive-union-sc-4402279
/property-{n}-wild-elm-road-charlotte-nc-,1,0,https://www.helenharp-realty.com/property-14137-wild-elm-road-charlotte-nc-4384245
/property-{n}-southbridge-forest-drive-ch,1,0,https://www.helenharp-realty.com/property-14204-southbridge-forest-drive-charlotte-nc-4425142
/property-144-arlingdale-drive-york-sc-{n,1,0,https://www.helenharp-realty.com/property-144-arlingdale-drive-york-sc-4425449
/property-{n}-waterside-drive-charlotte-n,1,0,https://www.helenharp-realty.com/property-14546-waterside-drive-charlotte-nc-4423236
/property-{n}-august-lane-charlotte-nc-{n,1,0,https://www.helenharp-realty.com/property-14700-august-lane-charlotte-nc-4423705
/property-150-arlingdale-drive-york-sc-{n,1,0,https://www.helenharp-realty.com/property-150-arlingdale-drive-york-sc-4425467
/property-1527-burnley-road-charlotte-nc-,1,0,https://www.helenharp-realty.com/property-1527-burnley-road-charlotte-nc-4424058
/property-153-israel-road-leicester-nc-{n,1,0,https://www.helenharp-realty.com/property-153-israel-road-leicester-nc-4427403
/property-{n}-ballancroft-parkway-charlot,1,0,https://www.helenharp-realty.com/property-15309-ballancroft-parkway-charlotte-nc-4370374
/property-1603-harper-landing-boulevard-s,1,0,https://www.helenharp-realty.com/property-1603-harper-landing-boulevard-stanley-nc-4427525
/property-1609-harper-landing-boulevard-s,1,0,https://www.helenharp-realty.com/property-1609-harper-landing-boulevard-stanley-nc-4421639
/property-1634-grassy-knoll-trail-maiden-,1,0,https://www.helenharp-realty.com/property-1634-grassy-knoll-trail-maiden-nc-4429377
/property-1884-bear-creek-road-leicester-,1,0,https://www.helenharp-realty.com/property-1884-bear-creek-road-leicester-nc-4425462
/property-190-bonaventure-drive-salisbury,1,0,https://www.helenharp-realty.com/property-190-bonaventure-drive-salisbury-nc-4425766
/property-201-merriville-drive-union-sc-{,1,0,https://www.helenharp-realty.com/property-201-merriville-drive-union-sc-4402181
/property-2099-brookchase-boulevard-india,1,0,https://www.helenharp-realty.com/property-2099-brookchase-boulevard-indian-land-sc-4427250
/property-2106-water-plant-road-maiden-nc,1,0,https://www.helenharp-realty.com/property-2106-water-plant-road-maiden-nc-4428990
/property-2199-pacer-road-lancaster-sc-{n,1,0,https://www.helenharp-realty.com/property-2199-pacer-road-lancaster-sc-4427979
/property-227-nesbit-drive-salisbury-nc-{,1,0,https://www.helenharp-realty.com/property-227-nesbit-drive-salisbury-nc-4424575
/property-2304-snapdragon-court-stanley-n,1,0,https://www.helenharp-realty.com/property-2304-snapdragon-court-stanley-nc-4421638
/property-2305-snapdragon-court-stanley-n,1,0,https://www.helenharp-realty.com/property-2305-snapdragon-court-stanley-nc-4426156
/property-{n}-kingfisher-drive-indian-lan,1,0,https://www.helenharp-realty.com/property-23090-kingfisher-drive-indian-land-sc-4427495
/property-234-resada-drive-brevard-nc-{n},1,0,https://www.helenharp-realty.com/property-234-resada-drive-brevard-nc-4422356
/property-2411-chartwell-street-stanley-n,1,0,https://www.helenharp-realty.com/property-2411-chartwell-street-stanley-nc-4426043
/property-2412-smugglers-court-charlotte-,1,0,https://www.helenharp-realty.com/property-2412-smugglers-court-charlotte-nc-4424095
/property-2417-the-plaza-charlotte-nc-{n},1,0,https://www.helenharp-realty.com/property-2417-the-plaza-charlotte-nc-4421646
/property-245-potato-branch-road-leiceste,1,0,https://www.helenharp-realty.com/property-245-potato-branch-road-leicester-nc-4427548
/property-2454-oak-valley-lane-maiden-nc-,1,0,https://www.helenharp-realty.com/property-2454-oak-valley-lane-maiden-nc-4428248
/property-2508-stradbrook-drive-b-charlot,1,0,https://www.helenharp-realty.com/property-2508-stradbrook-drive-b-charlotte-nc-4423800
/property-2612-elon-street-charlotte-nc-{,1,0,https://www.helenharp-realty.com/property-2612-elon-street-charlotte-nc-4426382
/property-27-dreambird-drive-leicester-nc,1,0,https://www.helenharp-realty.com/property-27-dreambird-drive-leicester-nc-4424552
/property-2711-johnny-reb-lane-charlotte-,1,0,https://www.helenharp-realty.com/property-2711-johnny-reb-lane-charlotte-nc-4425742
/property-29-panther-ridge-road-brevard-n,1,0,https://www.helenharp-realty.com/property-29-panther-ridge-road-brevard-nc-4421618
/property-3-s-creek-drive-leicester-nc-{n,1,0,https://www.helenharp-realty.com/property-3-s-creek-drive-leicester-nc-4428172
/property-3013-brandywine-way-york-sc-{n},1,0,https://www.helenharp-realty.com/property-3013-brandywine-way-york-sc-4423815
/property-303-wodigeasgohi-drive-brevard-,1,0,https://www.helenharp-realty.com/property-303-wodigeasgohi-drive-brevard-nc-4419106
/property-3031-aberleaf-lane-charlotte-nc,1,0,https://www.helenharp-realty.com/property-3031-aberleaf-lane-charlotte-nc-4423203
/property-304-hickory-lane-salisbury-nc-{,1,0,https://www.helenharp-realty.com/property-304-hickory-lane-salisbury-nc-4421959
/property-306-chickasaw-trail-maiden-nc-{,1,0,https://www.helenharp-realty.com/property-306-chickasaw-trail-maiden-nc-4429291
/property-313-damask-drive-lancaster-sc-{,1,0,https://www.helenharp-realty.com/property-313-damask-drive-lancaster-sc-4425847
/property-32-ossarooga-court-brevard-nc-{,1,0,https://www.helenharp-realty.com/property-32-ossarooga-court-brevard-nc-4423106
/property-340-miramar-drive-york-sc-{n},1,0,https://www.helenharp-realty.com/property-340-miramar-drive-york-sc-4424976
/property-3409-rogers-street-charlotte-nc,1,0,https://www.helenharp-realty.com/property-3409-rogers-street-charlotte-nc-4384985
/property-3649-navajo-drive-maiden-nc-{n},1,0,https://www.helenharp-realty.com/property-3649-navajo-drive-maiden-nc-4429338
/property-3701-pelham-lane-charlotte-nc-{,1,0,https://www.helenharp-realty.com/property-3701-pelham-lane-charlotte-nc-4361615
/property-3760-cappadocia-church-road-pol,1,0,https://www.helenharp-realty.com/property-3760-cappadocia-church-road-polkton-nc-4312373
/property-3787-rolling-view-lane-maiden-n,1,0,https://www.helenharp-realty.com/property-3787-rolling-view-lane-maiden-nc-4429345
/property-3909-wightman-church-road-polkt,1,0,https://www.helenharp-realty.com/property-3909-wightman-church-road-polkton-nc-4389831
/property-4111-columbine-circle-charlotte,1,0,https://www.helenharp-realty.com/property-4111-columbine-circle-charlotte-nc-4376886
/property-418-green-valley-road-leicester,1,0,https://www.helenharp-realty.com/property-418-green-valley-road-leicester-nc-4427857
/property-4206-wilson-lane-charlotte-nc-{,1,0,https://www.helenharp-realty.com/property-4206-wilson-lane-charlotte-nc-4424094
/property-4252-goodson-road-maiden-nc-{n},1,0,https://www.helenharp-realty.com/property-4252-goodson-road-maiden-nc-4429073
/property-4260-wiregrass-road-fort-mill-s,1,0,https://www.helenharp-realty.com/property-4260-wiregrass-road-fort-mill-sc-4426799
/property-502-plantation-road-10-lancaste,1,0,https://www.helenharp-realty.com/property-502-plantation-road-10-lancaster-sc-4426639
/property-508-willow-road-salisbury-nc-{n,1,0,https://www.helenharp-realty.com/property-508-willow-road-salisbury-nc-4424265
/property-51-balsamwood-road-leicester-nc,1,0,https://www.helenharp-realty.com/property-51-balsamwood-road-leicester-nc-4429593
/property-5611-timbertop-lane-charlotte-n,1,0,https://www.helenharp-realty.com/property-5611-timbertop-lane-charlotte-nc-4427936
/property-5708-twin-brook-drive-charlotte,1,0,https://www.helenharp-realty.com/property-5708-twin-brook-drive-charlotte-nc-4412827
/property-5710-rainbow-lane-indian-land-s,1,0,https://www.helenharp-realty.com/property-5710-rainbow-lane-indian-land-sc-4423207
/property-593-cross-of-calvary-lane-jeffe,1,0,https://www.helenharp-realty.com/property-593-cross-of-calvary-lane-jefferson-sc-4424605
/property-6015-shady-terrace-lane-york-sc,1,0,https://www.helenharp-realty.com/property-6015-shady-terrace-lane-york-sc-4423819
/property-612-miller-street-charlotte-nc-,1,0,https://www.helenharp-realty.com/property-612-miller-street-charlotte-nc-4373827
/property-6208-metter-street-charlotte-nc,1,0,https://www.helenharp-realty.com/property-6208-metter-street-charlotte-nc-4423765
/property-6214-elkington-lane-mint-hill-n,1,0,https://www.helenharp-realty.com/property-6214-elkington-lane-mint-hill-nc-4424039
/property-6225-ludell-lane-charlotte-nc-{,1,0,https://www.helenharp-realty.com/property-6225-ludell-lane-charlotte-nc-4427431
/property-6229-ludell-lane-charlotte-nc-{,1,0,https://www.helenharp-realty.com/property-6229-ludell-lane-charlotte-nc-4426356
/property-6233-ludell-lane-charlotte-nc-{,1,0,https://www.helenharp-realty.com/property-6233-ludell-lane-charlotte-nc-4426332
/property-640-cooley-drive-salisbury-nc-{,1,0,https://www.helenharp-realty.com/property-640-cooley-drive-salisbury-nc-4426698
/property-6555-mcintosh-road-stanley-nc-{,1,0,https://www.helenharp-realty.com/property-6555-mcintosh-road-stanley-nc-4419756
/property-6737-cardigan-avenue-charlotte-,1,0,https://www.helenharp-realty.com/property-6737-cardigan-avenue-charlotte-nc-4426684
/property-6821-hollow-oak-drive-mint-hill,1,0,https://www.helenharp-realty.com/property-6821-hollow-oak-drive-mint-hill-nc-4423362
/property-707-w-barr-street-lancaster-sc-,1,0,https://www.helenharp-realty.com/property-707-w-barr-street-lancaster-sc-4426979
/property-708-710-kendal-drive-leicester-,1,0,https://www.helenharp-realty.com/property-708-710-kendal-drive-leicester-nc-4429319
/property-71-view-ridge-parkway-leicester,1,0,https://www.helenharp-realty.com/property-71-view-ridge-parkway-leicester-nc-4423955
/property-711-arthur-boulevard-union-sc-{,1,0,https://www.helenharp-realty.com/property-711-arthur-boulevard-union-sc-4407809
/property-7117-daerwood-place-charlotte-n,1,0,https://www.helenharp-realty.com/property-7117-daerwood-place-charlotte-nc-4426773
/property-7120-chattanooga-lane-mint-hill,1,0,https://www.helenharp-realty.com/property-7120-chattanooga-lane-mint-hill-nc-4422674
/property-7155-juneberry-way-maiden-nc-{n,1,0,https://www.helenharp-realty.com/property-7155-juneberry-way-maiden-nc-4429349
/property-7179-juneberry-way-maiden-nc-{n,1,0,https://www.helenharp-realty.com/property-7179-juneberry-way-maiden-nc-4429238
/property-73-redwood-street-brevard-nc-{n,1,0,https://www.helenharp-realty.com/property-73-redwood-street-brevard-nc-4420611
/property-7304-s-little-egypt-road-stanle,1,0,https://www.helenharp-realty.com/property-7304-s-little-egypt-road-stanley-nc-4426184
/property-7310-fig-lane-charlotte-nc-{n},1,0,https://www.helenharp-realty.com/property-7310-fig-lane-charlotte-nc-4423828
/property-7336-wake-way-indian-land-sc-{n,1,0,https://www.helenharp-realty.com/property-7336-wake-way-indian-land-sc-4427945
/property-7343-fox-point-drive-charlotte-,1,0,https://www.helenharp-realty.com/property-7343-fox-point-drive-charlotte-nc-4386822
/property-74-walnut-ridge-lane-brevard-nc,1,0,https://www.helenharp-realty.com/property-74-walnut-ridge-lane-brevard-nc-4419303
/property-755-edgerton-drive-charlotte-nc,1,0,https://www.helenharp-realty.com/property-755-edgerton-drive-charlotte-nc-4404783
/property-7890-ballentrae-place-stanley-n,1,0,https://www.helenharp-realty.com/property-7890-ballentrae-place-stanley-nc-4425269
/property-8102-rolling-fields-road-charlo,1,0,https://www.helenharp-realty.com/property-8102-rolling-fields-road-charlotte-nc-4295868
/property-8110-rolling-fields-road-48-cha,1,0,https://www.helenharp-realty.com/property-8110-rolling-fields-road-48-charlotte-nc-4421416
/property-816-hough-street-mount-croghan-,1,0,https://www.helenharp-realty.com/property-816-hough-street-mount-croghan-sc-4411530
/property-819-triple-creek-road-mount-cro,1,0,https://www.helenharp-realty.com/property-819-triple-creek-road-mount-croghan-sc-4361115
/property-826-sparano-loop-32-york-sc-{n},1,0,https://www.helenharp-realty.com/property-826-sparano-loop-32-york-sc-4425977
/property-8318-rockmoor-ridge-road-charlo,1,0,https://www.helenharp-realty.com/property-8318-rockmoor-ridge-road-charlotte-nc-4425119
/property-8424-othello-place-charlotte-nc,1,0,https://www.helenharp-realty.com/property-8424-othello-place-charlotte-nc-4423888
/property-8600-brownes-pond-lane-charlott,1,0,https://www.helenharp-realty.com/property-8600-brownes-pond-lane-charlotte-nc-4372694
/property-8616-silver-falls-way-charlotte,1,0,https://www.helenharp-realty.com/property-8616-silver-falls-way-charlotte-nc-4423664
/property-9002-ramsford-court-charlotte-n,1,0,https://www.helenharp-realty.com/property-9002-ramsford-court-charlotte-nc-4419340
/property-901-grace-drive-stanley-nc-{n},1,0,https://www.helenharp-realty.com/property-901-grace-drive-stanley-nc-4424679
/property-91-walnut-drive-leicester-nc-{n,1,0,https://www.helenharp-realty.com/property-91-walnut-drive-leicester-nc-4427887
/property-9209-plashet-lane-mint-hill-nc-,1,0,https://www.helenharp-realty.com/property-9209-plashet-lane-mint-hill-nc-4422275
/property-926-two-brothers-lane-york-sc-{,1,0,https://www.helenharp-realty.com/property-926-two-brothers-lane-york-sc-4427430
/property-935-killian-road-stanley-nc-{n},1,0,https://www.helenharp-realty.com/property-935-killian-road-stanley-nc-4410593
/property-9620-fir-knoll-road-mint-hill-n,1,0,https://www.helenharp-realty.com/property-9620-fir-knoll-road-mint-hill-nc-4419906
/property-970-two-brothers-lane-york-sc-{,1,0,https://www.helenharp-realty.com/property-970-two-brothers-lane-york-sc-4427424
/property-9821-garth-wood-road-charlotte-,1,0,https://www.helenharp-realty.com/property-9821-garth-wood-road-charlotte-nc-4424614
/quick-move-in-homes-for-sale-charlotte,1,0,https://www.helenharp-realty.com/quick-move-in-homes-for-sale-charlotte
/quick-move-in-homes-for-sale-lancaster-county,1,0,https://www.helenharp-realty.com/quick-move-in-homes-for-sale-lancaster-county
/ranch-style-houses-for-sale-charlotte,1,0,https://www.helenharp-realty.com/ranch-style-houses-for-sale-charlotte
/ranch-style-houses-for-sale-lancaster-county,1,0,https://www.helenharp-realty.com/ranch-style-houses-for-sale-lancaster-county
/recently-renovated-homes-for-sale-charlotte,1,0,https://www.helenharp-realty.com/recently-renovated-homes-for-sale-charlotte
/renovated-homes-for-sale-maiden,1,0,https://www.helenharp-realty.com/renovated-homes-for-sale-maiden
/rental-income-homes-for-sale-enderly-park-nc,1,1,https://www.helenharp-realty.com/rental-income-homes-for-sale-enderly-park-nc
/resort-townhomes-for-sale-charlotte,1,1,https://www.helenharp-realty.com/resort-townhomes-for-sale-charlotte
/resort-townhomes-for-sale-lancaster-county,1,1,https://www.helenharp-realty.com/resort-townhomes-for-sale-lancaster-county
/retirement-community-homes-for-sale-charlotte,1,0,https://www.helenharp-realty.com/retirement-community-homes-for-sale-charlotte
/retirement-community-homes-for-sale-lancaster-county,1,0,https://www.helenharp-realty.com/retirement-community-homes-for-sale-lancaster-county
/rooftop-terrace-townhomes-for-sale-charlotte,1,1,https://www.helenharp-realty.com/rooftop-terrace-townhomes-for-sale-charlotte
/sandbox/buyer-tools-lab/free-property-report.php,1,0,https://www.helenharp-realty.com/sandbox/buyer-tools-lab/free-property-report.php
/single-family-homes-for-sale-lancaster-county,1,1,https://www.helenharp-realty.com/single-family-homes-for-sale-lancaster-county
/single-family-townhomes-for-sale-charlotte-nc,1,1,https://www.helenharp-realty.com/single-family-townhomes-for-sale-charlotte-nc
/single-story-homes-for-sale-maiden,1,1,https://www.helenharp-realty.com/single-story-homes-for-sale-maiden
/solar-homes-for-sale-lancaster-county-sc,1,1,https://www.helenharp-realty.com/solar-homes-for-sale-lancaster-county-sc
/solar-powered-homes-for-sale-hidden-valley-nc-listings,1,0,https://www.helenharp-realty.com/solar-powered-homes-for-sale-hidden-valley-nc-listings
/studio-flex-space-homes-for-sale-enderly-park-nc-listings,1,0,https://www.helenharp-realty.com/studio-flex-space-homes-for-sale-enderly-park-nc-listings
/terms,1,1,https://www.helenharp-realty.com/terms/
/three-bedroom-townhomes-for-sale-lancaster-county-sc,1,1,https://www.helenharp-realty.com/three-bedroom-townhomes-for-sale-lancaster-county-sc
/to-be-built-homes-for-sale-lancaster-county,1,0,https://www.helenharp-realty.com/to-be-built-homes-for-sale-lancaster-county
/townhomes-for-sale-forest-lake-nc,1,1,https://www.helenharp-realty.com/townhomes-for-sale-forest-lake-nc
/townhomes-for-sale-with-a-garage-charlotte,1,0,https://www.helenharp-realty.com/townhomes-for-sale-with-a-garage-charlotte
/townhomes-for-sale-with-a-pool-charlotte,1,0,https://www.helenharp-realty.com/townhomes-for-sale-with-a-pool-charlotte
/townhomes-for-sale-with-a-pool-lancaster-county,1,0,https://www.helenharp-realty.com/townhomes-for-sale-with-a-pool-lancaster-county
/townhomes-for-sale-with-garage-lancaster-county-sc,1,1,https://www.helenharp-realty.com/townhomes-for-sale-with-garage-lancaster-county-sc
/townhomes-for-sale-with-pool-lancaster-county-sc,1,1,https://www.helenharp-realty.com/townhomes-for-sale-with-pool-lancaster-county-sc
/transitional-homes-for-sale-lancaster-county,1,0,https://www.helenharp-realty.com/transitional-homes-for-sale-lancaster-county
/tudor-homes-for-sale-charlotte,1,0,https://www.helenharp-realty.com/tudor-homes-for-sale-charlotte
/turnkey-rental-homes-for-sale-enderly-park-nc,1,1,https://www.helenharp-realty.com/turnkey-rental-homes-for-sale-enderly-park-nc
/two-bedroom-townhomes-for-sale-lancaster-county-sc,1,1,https://www.helenharp-realty.com/two-bedroom-townhomes-for-sale-lancaster-county-sc
/two-car-garage-townhomes-for-sale-lancaster-county-sc,1,1,https://www.helenharp-realty.com/two-car-garage-townhomes-for-sale-lancaster-county-sc
/two-story-townhomes-for-sale-lancaster-county-sc,1,1,https://www.helenharp-realty.com/two-story-townhomes-for-sale-lancaster-county-sc
/updated-homes-for-sale-charlotte,1,0,https://www.helenharp-realty.com/updated-homes-for-sale-charlotte
/updated-homes-for-sale-lancaster-county,1,0,https://www.helenharp-realty.com/updated-homes-for-sale-lancaster-county
/updated-homes-for-sale-maiden,1,0,https://www.helenharp-realty.com/updated-homes-for-sale-maiden
/waterfront-community-homes-for-sale-charlotte,1,0,https://www.helenharp-realty.com/waterfront-community-homes-for-sale-charlotte
/waterfront-log-homes-for-sale-lancaster-county,1,1,https://www.helenharp-realty.com/waterfront-log-homes-for-sale-lancaster-county
