url,robots_allowed,rule
https://www.helenharp-realty.com/55-plus-community-homes-for-sale-charlotte,False,Disallow: /55-plus-community-
https://www.helenharp-realty.com/55-plus-community-homes-for-sale-lancaster-county,False,Disallow: /55-plus-community-
https://www.helenharp-realty.com/a-frame-homes-for-sale-charlotte,False,Disallow: /a-frame-homes-for-
https://www.helenharp-realty.com/a-frame-homes-for-sale-lancaster-county,False,Disallow: /a-frame-homes-for-
https://www.helenharp-realty.com/accessibility/,True,Allow: /
https://www.helenharp-realty.com/active-adult-homes-for-sale-charlotte,False,Disallow: /active-adult-homes-
https://www.helenharp-realty.com/active-adult-homes-for-sale-lancaster-county,False,Disallow: /active-adult-homes-
https://www.helenharp-realty.com/affordable-homes-for-sale-lancaster-county,False,Disallow: /affordable-homes-
https://www.helenharp-realty.com/attached-garage-townhomes-for-sale-lancaster-county-sc,True,Allow: /
https://www.helenharp-realty.com/barn-homes-for-sale-lancaster-county,True,Allow: /
https://www.helenharp-realty.com/brick-ranch-style-houses-for-sale-lancaster-county,False,Disallow: /brick-ranch-style-
https://www.helenharp-realty.com/cape-cod-homes-for-sale-charlotte,False,Disallow: /cape-cod-homes-for-sale-charlotte$
https://www.helenharp-realty.com/cheap-homes-for-sale-enderly-park-nc,False,Disallow: /cheap-homes-for-sale-enderly-park-nc
https://www.helenharp-realty.com/cheap-homes-for-sale-seversville-nc,True,Allow: /
https://www.helenharp-realty.com/cheap-homes-for-sale-wesley-heights-nc,True,Allow: /
https://www.helenharp-realty.com/colonial-homes-for-sale-charlotte,False,Disallow: /colonial-homes-for-sale-charlotte$
https://www.helenharp-realty.com/coming-soon-homes-for-sale-charlotte,False,Disallow: /coming-soon-homes-
https://www.helenharp-realty.com/coming-soon-homes-for-sale-lancaster-county,False,Disallow: /coming-soon-homes-
https://www.helenharp-realty.com/condos-for-sale-with-a-garage-charlotte,False,Disallow: /condos-for-sale-with-a-
https://www.helenharp-realty.com/condos-for-sale-with-a-pool-charlotte,False,Disallow: /condos-for-sale-with-a-
https://www.helenharp-realty.com/contact/,True,Allow: /
https://www.helenharp-realty.com/contact/helen/,True,Allow: /
https://www.helenharp-realty.com/contact/loan/,True,Allow: /
https://www.helenharp-realty.com/contemporary-homes-for-sale-lancaster-county,True,Allow: /
https://www.helenharp-realty.com/corporate-relocation-charlotte-homes-for-sale-nc,True,Allow: /
https://www.helenharp-realty.com/corporate-relocation-homes-for-sale-charlotte-nc,True,Allow: /
https://www.helenharp-realty.com/corporate-relocation-landis-homes-for-sale-nc,True,Allow: /
https://www.helenharp-realty.com/cottage-homes-for-sale-lancaster-county,True,Allow: /
https://www.helenharp-realty.com/country-club-homes-for-sale-charlotte,False,Disallow: /country-club-homes-
https://www.helenharp-realty.com/country-club-homes-for-sale-lancaster-county,False,Disallow: /country-club-homes-
https://www.helenharp-realty.com/craftsman-homes-for-sale-lancaster-county,True,Allow: /
https://www.helenharp-realty.com/creekfront-homes-for-sale-charlotte,False,Disallow: /creekfront-homes-
https://www.helenharp-realty.com/distressed-homes-for-sale-enderly-park-nc,True,Allow: /
https://www.helenharp-realty.com/distressed-homes-for-sale-wesley-heights-nc,True,Allow: /
https://www.helenharp-realty.com/duplex-homes-for-sale-enderly-park-nc,True,Allow: /
https://www.helenharp-realty.com/duplex-homes-for-sale-wesley-heights-nc,True,Allow: /
https://www.helenharp-realty.com/end-unit-townhomes-for-sale-lancaster-county,True,Allow: /
https://www.helenharp-realty.com/gated-community-homes-for-sale-charlotte,False,Disallow: /gated-community-homes-
https://www.helenharp-realty.com/gated-community-homes-for-sale-lancaster-county,False,Disallow: /gated-community-homes-
https://www.helenharp-realty.com/golf-community-homes-for-sale-charlotte,False,Disallow: /golf-community-homes-
https://www.helenharp-realty.com/golf-community-homes-for-sale-lancaster-county,False,Disallow: /golf-community-homes-
https://www.helenharp-realty.com/golf-course-homes-for-sale-charlotte,False,Disallow: /golf-course-homes-for-sale-charlotte$
https://www.helenharp-realty.com/golf-course-homes-for-sale-lancaster-county,False,Disallow: /golf-course-homes-for-sale-lancaster-
https://www.helenharp-realty.com/greenway-townhomes-for-sale-lancaster-county-sc,True,Allow: /
https://www.helenharp-realty.com/historic-district-homes-for-sale-charlotte,False,Disallow: /historic-district-
https://www.helenharp-realty.com/historic-homes-for-sale-charlotte,False,Disallow: /historic-homes-for-sale-charlotte$
https://www.helenharp-realty.com/home-values-homes-for-sale-charlotte-nc,True,Allow: /
https://www.helenharp-realty.com/homes-for-sale-28105-nc,True,Allow: /
https://www.helenharp-realty.com/homes-for-sale-28134-nc,True,Allow: /
https://www.helenharp-realty.com/homes-for-sale-28147-nc-listings,False,Disallow: /*-listings
https://www.helenharp-realty.com/homes-for-sale-28215-nc-listings,False,Disallow: /*-listings
https://www.helenharp-realty.com/homes-for-sale-28227-nc-listings,False,Disallow: /*-listings
https://www.helenharp-realty.com/homes-for-sale-29727-sc-listings,False,Disallow: /*-listings
https://www.helenharp-realty.com/homes-for-sale-ardrey-kell-high-school-district,True,Allow: /
https://www.helenharp-realty.com/homes-for-sale-ashe-plantation-nc,True,Allow: /
https://www.helenharp-realty.com/homes-for-sale-back-creek-church-road-nc,True,Allow: /
https://www.helenharp-realty.com/homes-for-sale-ballantyne-ridge-high-school-district,True,Allow: /
https://www.helenharp-realty.com/homes-for-sale-brevard-high-school-district,True,Allow: /
https://www.helenharp-realty.com/homes-for-sale-brevard-nc-listings,False,Disallow: /*-listings
https://www.helenharp-realty.com/homes-for-sale-brief-road-custom-estates-nc,False,Disallow: /homes-for-sale-brief-road-custom-estates-nc
https://www.helenharp-realty.com/homes-for-sale-by-adams-homes,True,Allow: /
https://www.helenharp-realty.com/homes-for-sale-by-ardent-building-group,True,Allow: /
https://www.helenharp-realty.com/homes-for-sale-by-blue-heel-development-charlotte,True,Allow: /
https://www.helenharp-realty.com/homes-for-sale-by-bonterra-builders,True,Allow: /
https://www.helenharp-realty.com/homes-for-sale-by-brookwood-home-building,True,Allow: /
https://www.helenharp-realty.com/homes-for-sale-by-century-communities,True,Allow: /
https://www.helenharp-realty.com/homes-for-sale-by-classica-homes,True,Allow: /
https://www.helenharp-realty.com/homes-for-sale-by-copper-builders,True,Allow: /
https://www.helenharp-realty.com/homes-for-sale-by-dream-finders-homes,True,Allow: /
https://www.helenharp-realty.com/homes-for-sale-by-eastwood-homes-charlotte,True,Allow: /
https://www.helenharp-realty.com/homes-for-sale-by-empire-homes,True,Allow: /
https://www.helenharp-realty.com/homes-for-sale-by-epcon-communities,True,Allow: /
https://www.helenharp-realty.com/homes-for-sale-by-greybrook-homes,True,Allow: /
https://www.helenharp-realty.com/homes-for-sale-by-kb-home,True,Allow: /
https://www.helenharp-realty.com/homes-for-sale-by-keystone-custom-homes,True,Allow: /
https://www.helenharp-realty.com/homes-for-sale-by-kinger-homes,True,Allow: /
https://www.helenharp-realty.com/homes-for-sale-by-kolter-homes,True,Allow: /
https://www.helenharp-realty.com/homes-for-sale-by-lennar-maiden,True,Allow: /
https://www.helenharp-realty.com/homes-for-sale-by-linnane-homes,True,Allow: /
https://www.helenharp-realty.com/homes-for-sale-by-m-i-homes,True,Allow: /
https://www.helenharp-realty.com/homes-for-sale-by-northway-homes-llc,True,Allow: /
https://www.helenharp-realty.com/homes-for-sale-by-northway-homes-llc-charlotte,True,Allow: /
https://www.helenharp-realty.com/homes-for-sale-by-prespro-homes,True,Allow: /
https://www.helenharp-realty.com/homes-for-sale-by-profile-homes,True,Allow: /
https://www.helenharp-realty.com/homes-for-sale-by-prosperity-builders,True,Allow: /
https://www.helenharp-realty.com/homes-for-sale-by-pulte-homes,True,Allow: /
https://www.helenharp-realty.com/homes-for-sale-by-pulte-homes-charlotte,True,Allow: /
https://www.helenharp-realty.com/homes-for-sale-by-shea,True,Allow: /
https://www.helenharp-realty.com/homes-for-sale-by-southcraft-by-empire-homes,True,Allow: /
https://www.helenharp-realty.com/homes-for-sale-by-springdale-custom-builders,True,Allow: /
https://www.helenharp-realty.com/homes-for-sale-by-stanley-martin-homes,True,Allow: /
https://www.helenharp-realty.com/homes-for-sale-by-terrata-homes,True,Allow: /
https://www.helenharp-realty.com/homes-for-sale-charlotte-nc-listings,False,Disallow: /*-listings
https://www.helenharp-realty.com/homes-for-sale-chesterfield-nc,True,Allow: /
https://www.helenharp-realty.com/homes-for-sale-delta-acres-nc,True,Allow: /
https://www.helenharp-realty.com/homes-for-sale-delta-creek-townhomes-nc,False,Disallow: /homes-for-sale-delta-creek-townhomes-nc
https://www.helenharp-realty.com/homes-for-sale-dogwood-nc,True,Allow: /
https://www.helenharp-realty.com/homes-for-sale-east-charlotte-nc,True,Allow: /
https://www.helenharp-realty.com/homes-for-sale-east-mecklenburg-high-school-district,True,Allow: /
https://www.helenharp-realty.com/homes-for-sale-garinger-high-school-district,True,Allow: /
https://www.helenharp-realty.com/homes-for-sale-grier-meadows-nc,True,Allow: /
https://www.helenharp-realty.com/homes-for-sale-harding-university-high-school-district,True,Allow: /
https://www.helenharp-realty.com/homes-for-sale-harrisburg-road-townhouses-nc,False,Disallow: /homes-for-sale-harrisburg-road-townhouses-nc
https://www.helenharp-realty.com/homes-for-sale-harrisburg-townes-nc,False,Disallow: /homes-for-sale-harrisburg-townes-nc
https://www.helenharp-realty.com/homes-for-sale-herons-pond-nc,True,Allow: /
https://www.helenharp-realty.com/homes-for-sale-hood-ridge-nc,True,Allow: /
https://www.helenharp-realty.com/homes-for-sale-hood-road-custom-corridor-nc,True,Allow: /
https://www.helenharp-realty.com/homes-for-sale-independence-high-school-district,True,Allow: /
https://www.helenharp-realty.com/homes-for-sale-julius-l-chambers-high-school-district,True,Allow: /
https://www.helenharp-realty.com/homes-for-sale-lancaster-county-sc-listings,False,Disallow: /*-listings
https://www.helenharp-realty.com/homes-for-sale-lashley-land-nc,False,Disallow: /homes-for-sale-lashley-land-nc
https://www.helenharp-realty.com/homes-for-sale-leicester-nc-listings,False,Disallow: /*-listings
https://www.helenharp-realty.com/homes-for-sale-loso-nc,True,Allow: /
https://www.helenharp-realty.com/homes-for-sale-maiden-high-school-district,True,Allow: /
https://www.helenharp-realty.com/homes-for-sale-maiden-nc-listings,False,Disallow: /*-listings
https://www.helenharp-realty.com/homes-for-sale-mallard-creek-high-school-district,True,Allow: /
https://www.helenharp-realty.com/homes-for-sale-marlborough-nc,True,Allow: /
https://www.helenharp-realty.com/homes-for-sale-marlwood-acres-nc,False,Disallow: /homes-for-sale-marlwood-acres-nc
https://www.helenharp-realty.com/homes-for-sale-mayhew-country-estates-nc,False,Disallow: /homes-for-sale-mayhew-country-estates-nc
https://www.helenharp-realty.com/homes-for-sale-millwood-nc,False,Disallow: /homes-for-sale-millwood-nc
https://www.helenharp-realty.com/homes-for-sale-myers-park-high-school-district,True,Allow: /
https://www.helenharp-realty.com/homes-for-sale-north-lake-nc,True,Allow: /
https://www.helenharp-realty.com/homes-for-sale-north-mecklenburg-high-school-district,True,Allow: /
https://www.helenharp-realty.com/homes-for-sale-northwest-charlotte-nc,True,Allow: /
https://www.helenharp-realty.com/homes-for-sale-oakbrooke-nc-listings,False,Disallow: /*-listings
https://www.helenharp-realty.com/homes-for-sale-olympic-high-school-district,True,Allow: /
https://www.helenharp-realty.com/homes-for-sale-on-a-corner-lot-lancaster-county,False,Disallow: /homes-for-sale-on-
https://www.helenharp-realty.com/homes-for-sale-on-a-corner-lot-maiden,False,Disallow: /homes-for-sale-on-
https://www.helenharp-realty.com/homes-for-sale-on-a-cul-de-sac-lot-lancaster-county,False,Disallow: /homes-for-sale-on-
https://www.helenharp-realty.com/homes-for-sale-on-a-cul-de-sac-lot-maiden,False,Disallow: /homes-for-sale-on-
https://www.helenharp-realty.com/homes-for-sale-on-a-wooded-lot-lancaster-county,False,Disallow: /homes-for-sale-on-
https://www.helenharp-realty.com/homes-for-sale-on-a-wooded-lot-maiden,False,Disallow: /homes-for-sale-on-
https://www.helenharp-realty.com/homes-for-sale-palisades-high-school-district,True,Allow: /
https://www.helenharp-realty.com/homes-for-sale-park-plaza-nc,True,Allow: /
https://www.helenharp-realty.com/homes-for-sale-paw-creek-nc,True,Allow: /
https://www.helenharp-realty.com/homes-for-sale-plantation-falls-estates-nc-listings,False,Disallow: /*-listings
https://www.helenharp-realty.com/homes-for-sale-plaza-midwood-nc,False,Disallow: /homes-for-sale-plaza-midwood-nc
https://www.helenharp-realty.com/homes-for-sale-polkton-nc-listings,False,Disallow: /*-listings
https://www.helenharp-realty.com/homes-for-sale-providence-high-school-district,True,Allow: /
https://www.helenharp-realty.com/homes-for-sale-randolph-road-nc,True,Allow: /
https://www.helenharp-realty.com/homes-for-sale-reedy-creek-nc,True,Allow: /
https://www.helenharp-realty.com/homes-for-sale-reedy-creek-townes-nc,True,Allow: /
https://www.helenharp-realty.com/homes-for-sale-retreat-at-rocky-river-nc,True,Allow: /
https://www.helenharp-realty.com/homes-for-sale-robinson-church-road-nc,True,Allow: /
https://www.helenharp-realty.com/homes-for-sale-rocky-river-high-school-district,True,Allow: /
https://www.helenharp-realty.com/homes-for-sale-south-mecklenburg-high-school-district,True,Allow: /
https://www.helenharp-realty.com/homes-for-sale-southwest-charlotte-nc,False,Disallow: /homes-for-sale-southwest-charlotte-nc
https://www.helenharp-realty.com/homes-for-sale-taylor-glen-nc,True,Allow: /
https://www.helenharp-realty.com/homes-for-sale-trellis-pointe-nc,False,Disallow: /homes-for-sale-trellis-pointe-nc
https://www.helenharp-realty.com/homes-for-sale-under-1-million-charlotte,False,Disallow: /homes-for-sale-under-
https://www.helenharp-realty.com/homes-for-sale-union-high-school-district,True,Allow: /
https://www.helenharp-realty.com/homes-for-sale-union-sc-listings,False,Disallow: /*-listings
https://www.helenharp-realty.com/homes-for-sale-victoria-park-nc,True,Allow: /
https://www.helenharp-realty.com/homes-for-sale-waters-builders-nc,True,Allow: /
https://www.helenharp-realty.com/homes-for-sale-west-charlotte-high-school-district,True,Allow: /
https://www.helenharp-realty.com/homes-for-sale-west-charlotte-nc,False,Disallow: /homes-for-sale-west-charlotte-nc
https://www.helenharp-realty.com/homes-for-sale-west-high-school-district,True,Allow: /
https://www.helenharp-realty.com/homes-for-sale-west-mecklenburg-high-school-district,True,Allow: /
https://www.helenharp-realty.com/homes-for-sale-windsor-gates-nc,True,Allow: /
https://www.helenharp-realty.com/homes-for-sale-with-1-acre-lancaster-county,False,Disallow: /homes-for-sale-with-1-
https://www.helenharp-realty.com/homes-for-sale-with-1-acre-maiden,False,Disallow: /homes-for-sale-with-1-
https://www.helenharp-realty.com/homes-for-sale-with-10-acres-charlotte,False,Disallow: /homes-for-sale-with-10-
https://www.helenharp-realty.com/homes-for-sale-with-10-acres-lancaster-county,False,Disallow: /homes-for-sale-with-10-
https://www.helenharp-realty.com/homes-for-sale-with-2-acres-charlotte,False,Disallow: /homes-for-sale-with-2-
https://www.helenharp-realty.com/homes-for-sale-with-2-acres-lancaster-county,False,Disallow: /homes-for-sale-with-2-
https://www.helenharp-realty.com/homes-for-sale-with-2-acres-maiden,False,Disallow: /homes-for-sale-with-2-
https://www.helenharp-realty.com/homes-for-sale-with-3-acres-charlotte,False,Disallow: /homes-for-sale-with-3-
https://www.helenharp-realty.com/homes-for-sale-with-3-acres-lancaster-county,False,Disallow: /homes-for-sale-with-3-
https://www.helenharp-realty.com/homes-for-sale-with-3-acres-maiden,False,Disallow: /homes-for-sale-with-3-
https://www.helenharp-realty.com/homes-for-sale-with-3-acres-polkton,False,Disallow: /homes-for-sale-with-3-
https://www.helenharp-realty.com/homes-for-sale-with-5-acres-charlotte,False,Disallow: /homes-for-sale-with-5-
https://www.helenharp-realty.com/homes-for-sale-with-5-acres-lancaster-county,False,Disallow: /homes-for-sale-with-5-
https://www.helenharp-realty.com/homes-for-sale-with-5-acres-maiden,False,Disallow: /homes-for-sale-with-5-
https://www.helenharp-realty.com/homes-for-sale-with-a-1-car-garage-charlotte,False,Disallow: /homes-for-sale-with-a-1-
https://www.helenharp-realty.com/homes-for-sale-with-a-1-car-garage-lancaster-county,False,Disallow: /homes-for-sale-with-a-1-
https://www.helenharp-realty.com/homes-for-sale-with-a-2-car-garage-charlotte,False,Disallow: /homes-for-sale-with-a-2-
https://www.helenharp-realty.com/homes-for-sale-with-a-2-car-garage-lancaster-county,False,Disallow: /homes-for-sale-with-a-2-
https://www.helenharp-realty.com/homes-for-sale-with-a-2-car-garage-maiden,False,Disallow: /homes-for-sale-with-a-2-
https://www.helenharp-realty.com/homes-for-sale-with-a-3-car-garage-charlotte,False,Disallow: /homes-for-sale-with-a-3-
https://www.helenharp-realty.com/homes-for-sale-with-a-3-car-garage-lancaster-county,False,Disallow: /homes-for-sale-with-a-3-
https://www.helenharp-realty.com/homes-for-sale-with-a-4-car-garage-charlotte,False,Disallow: /homes-for-sale-with-a-4-
https://www.helenharp-realty.com/homes-for-sale-with-a-barn-charlotte,False,Disallow: /homes-for-sale-with-a-barn-
https://www.helenharp-realty.com/homes-for-sale-with-a-barn-lancaster-county,False,Disallow: /homes-for-sale-with-a-barn-
https://www.helenharp-realty.com/homes-for-sale-with-a-basketball-court-charlotte,False,Disallow: /homes-for-sale-with-a-basketball-
https://www.helenharp-realty.com/homes-for-sale-with-a-basketball-court-lancaster-county,False,Disallow: /homes-for-sale-with-a-basketball-
https://www.helenharp-realty.com/homes-for-sale-with-a-boat-dock-lancaster-county,False,Disallow: /homes-for-sale-with-a-boat-
https://www.helenharp-realty.com/homes-for-sale-with-a-boat-slip-charlotte,False,Disallow: /homes-for-sale-with-a-boat-
https://www.helenharp-realty.com/homes-for-sale-with-a-boat-slip-lancaster-county,False,Disallow: /homes-for-sale-with-a-boat-
https://www.helenharp-realty.com/homes-for-sale-with-a-bonus-room-charlotte,False,Disallow: /homes-for-sale-with-a-bonus-
https://www.helenharp-realty.com/homes-for-sale-with-a-bonus-room-lancaster-county,False,Disallow: /homes-for-sale-with-a-bonus-
https://www.helenharp-realty.com/homes-for-sale-with-a-bonus-room-maiden,False,Disallow: /homes-for-sale-with-a-bonus-
https://www.helenharp-realty.com/homes-for-sale-with-a-chef-kitchen-charlotte,False,Disallow: /homes-for-sale-with-a-chef-
https://www.helenharp-realty.com/homes-for-sale-with-a-chef-kitchen-lancaster-county,False,Disallow: /homes-for-sale-with-a-chef-
https://www.helenharp-realty.com/homes-for-sale-with-a-chef-kitchen-maiden,False,Disallow: /homes-for-sale-with-a-chef-
https://www.helenharp-realty.com/homes-for-sale-with-a-clubhouse-charlotte,False,Disallow: /homes-for-sale-with-a-clubhouse-
https://www.helenharp-realty.com/homes-for-sale-with-a-clubhouse-maiden,False,Disallow: /homes-for-sale-with-a-clubhouse-
https://www.helenharp-realty.com/homes-for-sale-with-a-community-dock-charlotte,False,Disallow: /homes-for-sale-with-a-community-
https://www.helenharp-realty.com/homes-for-sale-with-a-community-pool-charlotte,False,Disallow: /homes-for-sale-with-a-community-
https://www.helenharp-realty.com/homes-for-sale-with-a-community-pool-lancaster-county,False,Disallow: /homes-for-sale-with-a-community-
https://www.helenharp-realty.com/homes-for-sale-with-a-community-pool-maiden,False,Disallow: /homes-for-sale-with-a-community-
https://www.helenharp-realty.com/homes-for-sale-with-a-community-tennis-court-charlotte,False,Disallow: /homes-for-sale-with-a-community-
https://www.helenharp-realty.com/homes-for-sale-with-a-courtyard-charlotte,False,Disallow: /homes-for-sale-with-a-courtyard-
https://www.helenharp-realty.com/homes-for-sale-with-a-covered-patio-charlotte,False,Disallow: /homes-for-sale-with-a-covered-
https://www.helenharp-realty.com/homes-for-sale-with-a-covered-patio-lancaster-county,False,Disallow: /homes-for-sale-with-a-covered-
https://www.helenharp-realty.com/homes-for-sale-with-a-covered-porch-charlotte,False,Disallow: /homes-for-sale-with-a-covered-
https://www.helenharp-realty.com/homes-for-sale-with-a-covered-porch-lancaster-county,False,Disallow: /homes-for-sale-with-a-covered-
https://www.helenharp-realty.com/homes-for-sale-with-a-covered-porch-maiden,False,Disallow: /homes-for-sale-with-a-covered-
https://www.helenharp-realty.com/homes-for-sale-with-a-deck-charlotte,False,Disallow: /homes-for-sale-with-a-deck-
https://www.helenharp-realty.com/homes-for-sale-with-a-deck-lancaster-county,False,Disallow: /homes-for-sale-with-a-deck-
https://www.helenharp-realty.com/homes-for-sale-with-a-deck-maiden,False,Disallow: /homes-for-sale-with-a-deck-
https://www.helenharp-realty.com/homes-for-sale-with-a-detached-garage-charlotte,False,Disallow: /homes-for-sale-with-a-detached-
https://www.helenharp-realty.com/homes-for-sale-with-a-detached-garage-lancaster-county,False,Disallow: /homes-for-sale-with-a-detached-
https://www.helenharp-realty.com/homes-for-sale-with-a-detached-garage-maiden,False,Disallow: /homes-for-sale-with-a-detached-
https://www.helenharp-realty.com/homes-for-sale-with-a-detached-workshop-charlotte,False,Disallow: /homes-for-sale-with-a-detached-
https://www.helenharp-realty.com/homes-for-sale-with-a-fenced-backyard-lancaster-county,False,Disallow: /homes-for-sale-with-a-fenced-
https://www.helenharp-realty.com/homes-for-sale-with-a-fenced-backyard-maiden,False,Disallow: /homes-for-sale-with-a-fenced-
https://www.helenharp-realty.com/homes-for-sale-with-a-fenced-yard-lancaster-county,False,Disallow: /homes-for-sale-with-a-fenced-
https://www.helenharp-realty.com/homes-for-sale-with-a-fenced-yard-maiden,False,Disallow: /homes-for-sale-with-a-fenced-
https://www.helenharp-realty.com/homes-for-sale-with-a-finished-basement-charlotte,False,Disallow: /homes-for-sale-with-a-finished-basement-charlotte$
https://www.helenharp-realty.com/homes-for-sale-with-a-finished-basement-lancaster-county,False,Disallow: /homes-for-sale-with-a-finished-basement-lancaster-
https://www.helenharp-realty.com/homes-for-sale-with-a-finished-basement-maiden,False,Disallow: /homes-for-sale-with-a-finished-basement-maiden$
https://www.helenharp-realty.com/homes-for-sale-with-a-fire-pit-charlotte,False,Disallow: /homes-for-sale-with-a-fire-
https://www.helenharp-realty.com/homes-for-sale-with-a-fire-pit-lancaster-county,False,Disallow: /homes-for-sale-with-a-fire-
https://www.helenharp-realty.com/homes-for-sale-with-a-fire-pit-maiden,False,Disallow: /homes-for-sale-with-a-fire-
https://www.helenharp-realty.com/homes-for-sale-with-a-fireplace-charlotte,False,Disallow: /homes-for-sale-with-a-fireplace-
https://www.helenharp-realty.com/homes-for-sale-with-a-fireplace-lancaster-county,False,Disallow: /homes-for-sale-with-a-fireplace-
https://www.helenharp-realty.com/homes-for-sale-with-a-fireplace-maiden,False,Disallow: /homes-for-sale-with-a-fireplace-
https://www.helenharp-realty.com/homes-for-sale-with-a-first-floor-bedroom-charlotte,False,Disallow: /homes-for-sale-with-a-first-
https://www.helenharp-realty.com/homes-for-sale-with-a-first-floor-primary-bedroom-charlotte,False,Disallow: /homes-for-sale-with-a-first-
https://www.helenharp-realty.com/homes-for-sale-with-a-fitness-center-charlotte,False,Disallow: /homes-for-sale-with-a-fitness-
https://www.helenharp-realty.com/homes-for-sale-with-a-fitness-center-lancaster-county,False,Disallow: /homes-for-sale-with-a-fitness-
https://www.helenharp-realty.com/homes-for-sale-with-a-fitness-center-maiden,False,Disallow: /homes-for-sale-with-a-fitness-
https://www.helenharp-realty.com/homes-for-sale-with-a-flat-yard-lancaster-county,False,Disallow: /homes-for-sale-with-a-flat-
https://www.helenharp-realty.com/homes-for-sale-with-a-formal-dining-room-charlotte,False,Disallow: /homes-for-sale-with-a-formal-
https://www.helenharp-realty.com/homes-for-sale-with-a-formal-dining-room-lancaster-county,False,Disallow: /homes-for-sale-with-a-formal-
https://www.helenharp-realty.com/homes-for-sale-with-a-front-porch-charlotte,False,Disallow: /homes-for-sale-with-a-front-
https://www.helenharp-realty.com/homes-for-sale-with-a-front-porch-lancaster-county,False,Disallow: /homes-for-sale-with-a-front-
https://www.helenharp-realty.com/homes-for-sale-with-a-front-porch-maiden,False,Disallow: /homes-for-sale-with-a-front-
https://www.helenharp-realty.com/homes-for-sale-with-a-garage-charlotte,False,Disallow: /homes-for-sale-with-a-garage-
https://www.helenharp-realty.com/homes-for-sale-with-a-garage-lancaster-county,False,Disallow: /homes-for-sale-with-a-garage-
https://www.helenharp-realty.com/homes-for-sale-with-a-garage-maiden,False,Disallow: /homes-for-sale-with-a-garage-
https://www.helenharp-realty.com/homes-for-sale-with-a-gas-fireplace-charlotte,False,Disallow: /homes-for-sale-with-a-gas-
https://www.helenharp-realty.com/homes-for-sale-with-a-gas-fireplace-lancaster-county,False,Disallow: /homes-for-sale-with-a-gas-
https://www.helenharp-realty.com/homes-for-sale-with-a-gas-fireplace-maiden,False,Disallow: /homes-for-sale-with-a-gas-
https://www.helenharp-realty.com/homes-for-sale-with-a-gazebo-charlotte,False,Disallow: /homes-for-sale-with-a-gazebo-
https://www.helenharp-realty.com/homes-for-sale-with-a-gazebo-lancaster-county,False,Disallow: /homes-for-sale-with-a-gazebo-
https://www.helenharp-realty.com/homes-for-sale-with-a-golf-course-view-charlotte,False,Disallow: /homes-for-sale-with-a-golf-
https://www.helenharp-realty.com/homes-for-sale-with-a-gourmet-kitchen-charlotte,False,Disallow: /homes-for-sale-with-a-gourmet-
https://www.helenharp-realty.com/homes-for-sale-with-a-gourmet-kitchen-lancaster-county,False,Disallow: /homes-for-sale-with-a-gourmet-
https://www.helenharp-realty.com/homes-for-sale-with-a-gourmet-kitchen-maiden,False,Disallow: /homes-for-sale-with-a-gourmet-
https://www.helenharp-realty.com/homes-for-sale-with-a-greenhouse-charlotte,False,Disallow: /homes-for-sale-with-a-greenhouse-
https://www.helenharp-realty.com/homes-for-sale-with-a-guest-house-charlotte,False,Disallow: /homes-for-sale-with-a-guest-
https://www.helenharp-realty.com/homes-for-sale-with-a-heated-pool-charlotte,False,Disallow: /homes-for-sale-with-a-heated-
https://www.helenharp-realty.com/homes-for-sale-with-a-heated-pool-lancaster-county,False,Disallow: /homes-for-sale-with-a-heated-
https://www.helenharp-realty.com/homes-for-sale-with-a-home-office-charlotte,False,Disallow: /homes-for-sale-with-a-home-
https://www.helenharp-realty.com/homes-for-sale-with-a-home-office-lancaster-county,False,Disallow: /homes-for-sale-with-a-home-
https://www.helenharp-realty.com/homes-for-sale-with-a-home-office-maiden,False,Disallow: /homes-for-sale-with-a-home-
https://www.helenharp-realty.com/homes-for-sale-with-a-kitchen-island-charlotte,False,Disallow: /homes-for-sale-with-a-kitchen-
https://www.helenharp-realty.com/homes-for-sale-with-a-kitchen-island-lancaster-county,False,Disallow: /homes-for-sale-with-a-kitchen-
https://www.helenharp-realty.com/homes-for-sale-with-a-kitchen-island-maiden,False,Disallow: /homes-for-sale-with-a-kitchen-
https://www.helenharp-realty.com/homes-for-sale-with-a-lake-view-charlotte,False,Disallow: /homes-for-sale-with-a-lake-
https://www.helenharp-realty.com/homes-for-sale-with-a-lake-view-lancaster-county,False,Disallow: /homes-for-sale-with-a-lake-
https://www.helenharp-realty.com/homes-for-sale-with-a-large-backyard-lancaster-county,False,Disallow: /homes-for-sale-with-a-large-
https://www.helenharp-realty.com/homes-for-sale-with-a-large-backyard-maiden,False,Disallow: /homes-for-sale-with-a-large-
https://www.helenharp-realty.com/homes-for-sale-with-a-large-deck-charlotte,False,Disallow: /homes-for-sale-with-a-large-
https://www.helenharp-realty.com/homes-for-sale-with-a-large-deck-lancaster-county,False,Disallow: /homes-for-sale-with-a-large-
https://www.helenharp-realty.com/homes-for-sale-with-a-large-deck-maiden,False,Disallow: /homes-for-sale-with-a-large-
https://www.helenharp-realty.com/homes-for-sale-with-a-large-lot-lancaster-county,False,Disallow: /homes-for-sale-with-a-large-
https://www.helenharp-realty.com/homes-for-sale-with-a-large-lot-maiden,False,Disallow: /homes-for-sale-with-a-large-
https://www.helenharp-realty.com/homes-for-sale-with-a-large-yard-lancaster-county,False,Disallow: /homes-for-sale-with-a-large-
https://www.helenharp-realty.com/homes-for-sale-with-a-large-yard-maiden,False,Disallow: /homes-for-sale-with-a-large-
https://www.helenharp-realty.com/homes-for-sale-with-a-laundry-room-charlotte,False,Disallow: /homes-for-sale-with-a-laundry-
https://www.helenharp-realty.com/homes-for-sale-with-a-laundry-room-lancaster-county,False,Disallow: /homes-for-sale-with-a-laundry-
https://www.helenharp-realty.com/homes-for-sale-with-a-laundry-room-maiden,False,Disallow: /homes-for-sale-with-a-laundry-
https://www.helenharp-realty.com/homes-for-sale-with-a-loft-charlotte,False,Disallow: /homes-for-sale-with-a-loft-
https://www.helenharp-realty.com/homes-for-sale-with-a-loft-lancaster-county,False,Disallow: /homes-for-sale-with-a-loft-
https://www.helenharp-realty.com/homes-for-sale-with-a-main-level-primary-bedroom-charlotte,False,Disallow: /homes-for-sale-with-a-main-
https://www.helenharp-realty.com/homes-for-sale-with-a-modern-kitchen-charlotte,False,Disallow: /homes-for-sale-with-a-modern-
https://www.helenharp-realty.com/homes-for-sale-with-a-modern-kitchen-lancaster-county,False,Disallow: /homes-for-sale-with-a-modern-
https://www.helenharp-realty.com/homes-for-sale-with-a-mother-in-law-suite-charlotte,False,Disallow: /homes-for-sale-with-a-mother-
https://www.helenharp-realty.com/homes-for-sale-with-a-mother-in-law-suite-lancaster-county,False,Disallow: /homes-for-sale-with-a-mother-
https://www.helenharp-realty.com/homes-for-sale-with-a-mudroom-charlotte,False,Disallow: /homes-for-sale-with-a-mudroom-
https://www.helenharp-realty.com/homes-for-sale-with-a-mudroom-lancaster-county,False,Disallow: /homes-for-sale-with-a-mudroom-
https://www.helenharp-realty.com/homes-for-sale-with-a-neighborhood-pool-charlotte,False,Disallow: /homes-for-sale-with-a-neighborhood-
https://www.helenharp-realty.com/homes-for-sale-with-a-neighborhood-pool-lancaster-county,False,Disallow: /homes-for-sale-with-a-neighborhood-
https://www.helenharp-realty.com/homes-for-sale-with-a-neighborhood-pool-maiden,False,Disallow: /homes-for-sale-with-a-neighborhood-
https://www.helenharp-realty.com/homes-for-sale-with-a-pickleball-court-charlotte,False,Disallow: /homes-for-sale-with-a-pickleball-
https://www.helenharp-realty.com/homes-for-sale-with-a-pickleball-court-lancaster-county,False,Disallow: /homes-for-sale-with-a-pickleball-
https://www.helenharp-realty.com/homes-for-sale-with-a-playground-charlotte,False,Disallow: /homes-for-sale-with-a-playground-
https://www.helenharp-realty.com/homes-for-sale-with-a-playground-lancaster-county,False,Disallow: /homes-for-sale-with-a-playground-
https://www.helenharp-realty.com/homes-for-sale-with-a-playground-maiden,False,Disallow: /homes-for-sale-with-a-playground-
https://www.helenharp-realty.com/homes-for-sale-with-a-pond-view-charlotte,False,Disallow: /homes-for-sale-with-a-pond-
https://www.helenharp-realty.com/homes-for-sale-with-a-pool-and-a-hot-tub-charlotte,False,Disallow: /homes-for-sale-with-a-pool-and-
https://www.helenharp-realty.com/homes-for-sale-with-a-pool-and-a-hot-tub-lancaster-county,False,Disallow: /homes-for-sale-with-a-pool-and-
https://www.helenharp-realty.com/homes-for-sale-with-a-pool-charlotte,False,Disallow: /homes-for-sale-with-a-pool-charlotte$
https://www.helenharp-realty.com/homes-for-sale-with-a-pool-house-charlotte,False,Disallow: /homes-for-sale-with-a-pool-house-
https://www.helenharp-realty.com/homes-for-sale-with-a-pool-house-lancaster-county,False,Disallow: /homes-for-sale-with-a-pool-house-
https://www.helenharp-realty.com/homes-for-sale-with-a-pool-lancaster-county,False,Disallow: /homes-for-sale-with-a-pool-lancaster-county$
https://www.helenharp-realty.com/homes-for-sale-with-a-pool-maiden,False,Disallow: /homes-for-sale-with-a-pool-maiden$
https://www.helenharp-realty.com/homes-for-sale-with-a-private-pool-charlotte,False,Disallow: /homes-for-sale-with-a-private-
https://www.helenharp-realty.com/homes-for-sale-with-a-private-pool-lancaster-county,False,Disallow: /homes-for-sale-with-a-private-
https://www.helenharp-realty.com/homes-for-sale-with-a-private-pool-maiden,False,Disallow: /homes-for-sale-with-a-private-
https://www.helenharp-realty.com/homes-for-sale-with-a-private-yard-lancaster-county,False,Disallow: /homes-for-sale-with-a-private-
https://www.helenharp-realty.com/homes-for-sale-with-a-private-yard-maiden,False,Disallow: /homes-for-sale-with-a-private-
https://www.helenharp-realty.com/homes-for-sale-with-a-rear-load-garage-charlotte,False,Disallow: /homes-for-sale-with-a-rear-
https://www.helenharp-realty.com/homes-for-sale-with-a-rooftop-terrace-charlotte,False,Disallow: /homes-for-sale-with-a-rooftop-
https://www.helenharp-realty.com/homes-for-sale-with-a-saltwater-pool-charlotte,False,Disallow: /homes-for-sale-with-a-saltwater-
https://www.helenharp-realty.com/homes-for-sale-with-a-saltwater-pool-lancaster-county,False,Disallow: /homes-for-sale-with-a-saltwater-
https://www.helenharp-realty.com/homes-for-sale-with-a-screened-porch-charlotte,False,Disallow: /homes-for-sale-with-a-screened-
https://www.helenharp-realty.com/homes-for-sale-with-a-screened-porch-lancaster-county,False,Disallow: /homes-for-sale-with-a-screened-
https://www.helenharp-realty.com/homes-for-sale-with-a-shed-charlotte,False,Disallow: /homes-for-sale-with-a-shed-
https://www.helenharp-realty.com/homes-for-sale-with-a-shed-lancaster-county,False,Disallow: /homes-for-sale-with-a-shed-
https://www.helenharp-realty.com/homes-for-sale-with-a-shed-maiden,False,Disallow: /homes-for-sale-with-a-shed-
https://www.helenharp-realty.com/homes-for-sale-with-a-side-load-garage-charlotte,False,Disallow: /homes-for-sale-with-a-side-
https://www.helenharp-realty.com/homes-for-sale-with-a-side-load-garage-lancaster-county,False,Disallow: /homes-for-sale-with-a-side-
https://www.helenharp-realty.com/homes-for-sale-with-a-side-load-garage-maiden,False,Disallow: /homes-for-sale-with-a-side-
https://www.helenharp-realty.com/homes-for-sale-with-a-skyline-view-charlotte,False,Disallow: /homes-for-sale-with-a-skyline-
https://www.helenharp-realty.com/homes-for-sale-with-a-split-bedroom-floor-plan-charlotte,False,Disallow: /homes-for-sale-with-a-split-
https://www.helenharp-realty.com/homes-for-sale-with-a-split-bedroom-floor-plan-lancaster-county,False,Disallow: /homes-for-sale-with-a-split-
https://www.helenharp-realty.com/homes-for-sale-with-a-split-bedroom-floor-plan-maiden,False,Disallow: /homes-for-sale-with-a-split-
https://www.helenharp-realty.com/homes-for-sale-with-a-sunroom-charlotte,False,Disallow: /homes-for-sale-with-a-sunroom-
https://www.helenharp-realty.com/homes-for-sale-with-a-sunroom-lancaster-county,False,Disallow: /homes-for-sale-with-a-sunroom-
https://www.helenharp-realty.com/homes-for-sale-with-a-tennis-court-charlotte,False,Disallow: /homes-for-sale-with-a-tennis-
https://www.helenharp-realty.com/homes-for-sale-with-a-two-story-foyer-charlotte,False,Disallow: /homes-for-sale-with-a-two-
https://www.helenharp-realty.com/homes-for-sale-with-a-two-story-foyer-lancaster-county,False,Disallow: /homes-for-sale-with-a-two-
https://www.helenharp-realty.com/homes-for-sale-with-a-walk-in-closet-charlotte,False,Disallow: /homes-for-sale-with-a-walk-
https://www.helenharp-realty.com/homes-for-sale-with-a-walk-in-closet-lancaster-county,False,Disallow: /homes-for-sale-with-a-walk-
https://www.helenharp-realty.com/homes-for-sale-with-a-walk-in-closet-maiden,False,Disallow: /homes-for-sale-with-a-walk-
https://www.helenharp-realty.com/homes-for-sale-with-a-walk-in-pantry-charlotte,False,Disallow: /homes-for-sale-with-a-walk-
https://www.helenharp-realty.com/homes-for-sale-with-a-walk-in-pantry-lancaster-county,False,Disallow: /homes-for-sale-with-a-walk-
https://www.helenharp-realty.com/homes-for-sale-with-a-walk-in-pantry-maiden,False,Disallow: /homes-for-sale-with-a-walk-
https://www.helenharp-realty.com/homes-for-sale-with-a-walking-trail-charlotte,False,Disallow: /homes-for-sale-with-a-walking-
https://www.helenharp-realty.com/homes-for-sale-with-a-walking-trail-lancaster-county,False,Disallow: /homes-for-sale-with-a-walking-
https://www.helenharp-realty.com/homes-for-sale-with-a-walkout-basement-charlotte,False,Disallow: /homes-for-sale-with-a-walkout-
https://www.helenharp-realty.com/homes-for-sale-with-a-walkout-basement-lancaster-county,False,Disallow: /homes-for-sale-with-a-walkout-
https://www.helenharp-realty.com/homes-for-sale-with-a-water-view-charlotte,False,Disallow: /homes-for-sale-with-a-water-
https://www.helenharp-realty.com/homes-for-sale-with-a-water-view-lancaster-county,False,Disallow: /homes-for-sale-with-a-water-
https://www.helenharp-realty.com/homes-for-sale-with-a-wood-burning-fireplace-charlotte,False,Disallow: /homes-for-sale-with-a-wood-
https://www.helenharp-realty.com/homes-for-sale-with-a-wood-burning-fireplace-lancaster-county,False,Disallow: /homes-for-sale-with-a-wood-
https://www.helenharp-realty.com/homes-for-sale-with-a-wood-burning-fireplace-maiden,False,Disallow: /homes-for-sale-with-a-wood-
https://www.helenharp-realty.com/homes-for-sale-with-a-wooded-yard-lancaster-county,False,Disallow: /homes-for-sale-with-a-wooded-
https://www.helenharp-realty.com/homes-for-sale-with-a-wraparound-porch-charlotte,False,Disallow: /homes-for-sale-with-a-wraparound-
https://www.helenharp-realty.com/homes-for-sale-with-a-wraparound-porch-lancaster-county,False,Disallow: /homes-for-sale-with-a-wraparound-
https://www.helenharp-realty.com/homes-for-sale-with-acreage-28164-nc-listings,False,Disallow: /*-listings
https://www.helenharp-realty.com/homes-for-sale-with-acreage-28273-nc-listings,False,Disallow: /*-listings
https://www.helenharp-realty.com/homes-for-sale-with-acreage-lancaster-county,False,Disallow: /homes-for-sale-with-acreage-lancaster-county$
https://www.helenharp-realty.com/homes-for-sale-with-acreage-maiden,False,Disallow: /homes-for-sale-with-acreage-maiden$
https://www.helenharp-realty.com/homes-for-sale-with-an-above-ground-pool-charlotte,False,Disallow: /homes-for-sale-with-an-
https://www.helenharp-realty.com/homes-for-sale-with-an-above-ground-pool-lancaster-county,False,Disallow: /homes-for-sale-with-an-
https://www.helenharp-realty.com/homes-for-sale-with-an-accessory-dwelling-unit-charlotte,False,Disallow: /homes-for-sale-with-an-
https://www.helenharp-realty.com/homes-for-sale-with-an-adu-charlotte,False,Disallow: /homes-for-sale-with-an-
https://www.helenharp-realty.com/homes-for-sale-with-an-attached-garage-brevard-nc,False,Disallow: /homes-for-sale-with-an-
https://www.helenharp-realty.com/homes-for-sale-with-an-attached-garage-charlotte,False,Disallow: /homes-for-sale-with-an-
https://www.helenharp-realty.com/homes-for-sale-with-an-attached-garage-lancaster-county,False,Disallow: /homes-for-sale-with-an-
https://www.helenharp-realty.com/homes-for-sale-with-an-attached-garage-maiden,False,Disallow: /homes-for-sale-with-an-
https://www.helenharp-realty.com/homes-for-sale-with-an-attic-charlotte,False,Disallow: /homes-for-sale-with-an-
https://www.helenharp-realty.com/homes-for-sale-with-an-attic-lancaster-county,False,Disallow: /homes-for-sale-with-an-
https://www.helenharp-realty.com/homes-for-sale-with-an-attic-maiden,False,Disallow: /homes-for-sale-with-an-
https://www.helenharp-realty.com/homes-for-sale-with-an-in-ground-pool-lancaster-county,False,Disallow: /homes-for-sale-with-an-
https://www.helenharp-realty.com/homes-for-sale-with-an-in-ground-pool-maiden,False,Disallow: /homes-for-sale-with-an-
https://www.helenharp-realty.com/homes-for-sale-with-an-in-law-suite-charlotte,False,Disallow: /homes-for-sale-with-an-
https://www.helenharp-realty.com/homes-for-sale-with-an-in-law-suite-lancaster-county,False,Disallow: /homes-for-sale-with-an-
https://www.helenharp-realty.com/homes-for-sale-with-an-open-concept-floor-plan-charlotte,False,Disallow: /homes-for-sale-with-an-
https://www.helenharp-realty.com/homes-for-sale-with-an-open-concept-floor-plan-lancaster-county,False,Disallow: /homes-for-sale-with-an-
https://www.helenharp-realty.com/homes-for-sale-with-an-open-concept-floor-plan-maiden,False,Disallow: /homes-for-sale-with-an-
https://www.helenharp-realty.com/homes-for-sale-with-an-open-floor-plan-charlotte,False,Disallow: /homes-for-sale-with-an-
https://www.helenharp-realty.com/homes-for-sale-with-an-open-floor-plan-lancaster-county,False,Disallow: /homes-for-sale-with-an-
https://www.helenharp-realty.com/homes-for-sale-with-an-open-floor-plan-maiden,False,Disallow: /homes-for-sale-with-an-
https://www.helenharp-realty.com/homes-for-sale-with-an-outdoor-kitchen-charlotte,False,Disallow: /homes-for-sale-with-an-
https://www.helenharp-realty.com/homes-for-sale-with-an-outdoor-kitchen-lancaster-county,False,Disallow: /homes-for-sale-with-an-
https://www.helenharp-realty.com/homes-for-sale-with-an-oversized-garage-charlotte,False,Disallow: /homes-for-sale-with-an-
https://www.helenharp-realty.com/homes-for-sale-with-an-oversized-garage-lancaster-county,False,Disallow: /homes-for-sale-with-an-
https://www.helenharp-realty.com/homes-for-sale-with-an-unfinished-basement-charlotte,False,Disallow: /homes-for-sale-with-an-
https://www.helenharp-realty.com/homes-for-sale-with-an-unfinished-basement-lancaster-county,False,Disallow: /homes-for-sale-with-an-
https://www.helenharp-realty.com/homes-for-sale-with-an-unfinished-basement-maiden,False,Disallow: /homes-for-sale-with-an-
https://www.helenharp-realty.com/homes-for-sale-with-an-updated-kitchen-charlotte,False,Disallow: /homes-for-sale-with-an-
https://www.helenharp-realty.com/homes-for-sale-with-an-updated-kitchen-lancaster-county,False,Disallow: /homes-for-sale-with-an-
https://www.helenharp-realty.com/homes-for-sale-with-boat-parking-charlotte,False,Disallow: /homes-for-sale-with-boat-
https://www.helenharp-realty.com/homes-for-sale-with-boat-parking-lancaster-county,False,Disallow: /homes-for-sale-with-boat-
https://www.helenharp-realty.com/homes-for-sale-with-covered-parking-charlotte,False,Disallow: /homes-for-sale-with-covered-
https://www.helenharp-realty.com/homes-for-sale-with-dual-primary-bedrooms-charlotte,False,Disallow: /homes-for-sale-with-dual-
https://www.helenharp-realty.com/homes-for-sale-with-dual-primary-bedrooms-lancaster-county,False,Disallow: /homes-for-sale-with-dual-
https://www.helenharp-realty.com/homes-for-sale-with-granite-countertops-charlotte,False,Disallow: /homes-for-sale-with-granite-
https://www.helenharp-realty.com/homes-for-sale-with-granite-countertops-lancaster-county,False,Disallow: /homes-for-sale-with-granite-
https://www.helenharp-realty.com/homes-for-sale-with-granite-countertops-maiden,False,Disallow: /homes-for-sale-with-granite-
https://www.helenharp-realty.com/homes-for-sale-with-half-an-acre-lancaster-county,False,Disallow: /homes-for-sale-with-half-
https://www.helenharp-realty.com/homes-for-sale-with-half-an-acre-maiden,False,Disallow: /homes-for-sale-with-half-
https://www.helenharp-realty.com/homes-for-sale-with-hardwood-floors-charlotte,False,Disallow: /homes-for-sale-with-hardwood-
https://www.helenharp-realty.com/homes-for-sale-with-hardwood-floors-lancaster-county,False,Disallow: /homes-for-sale-with-hardwood-
https://www.helenharp-realty.com/homes-for-sale-with-hardwood-floors-maiden,False,Disallow: /homes-for-sale-with-hardwood-
https://www.helenharp-realty.com/homes-for-sale-with-hoa-maintained-lawns-charlotte,False,Disallow: /homes-for-sale-with-hoa-
https://www.helenharp-realty.com/homes-for-sale-with-hoa-maintained-lawns-lancaster-county,False,Disallow: /homes-for-sale-with-hoa-
https://www.helenharp-realty.com/homes-for-sale-with-lake-access-lancaster-county,False,Disallow: /homes-for-sale-with-lake-
https://www.helenharp-realty.com/homes-for-sale-with-low-hoa-fees-charlotte,False,Disallow: /homes-for-sale-with-low-
https://www.helenharp-realty.com/homes-for-sale-with-low-hoa-fees-lancaster-county,False,Disallow: /homes-for-sale-with-low-
https://www.helenharp-realty.com/homes-for-sale-with-no-hoa-charlotte,False,Disallow: /homes-for-sale-with-no-
https://www.helenharp-realty.com/homes-for-sale-with-no-hoa-lancaster-county,False,Disallow: /homes-for-sale-with-no-
https://www.helenharp-realty.com/homes-for-sale-with-no-hoa-leicester,False,Disallow: /homes-for-sale-with-no-
https://www.helenharp-realty.com/homes-for-sale-with-no-hoa-maiden,False,Disallow: /homes-for-sale-with-no-
https://www.helenharp-realty.com/homes-for-sale-with-no-hoa-polkton,False,Disallow: /homes-for-sale-with-no-
https://www.helenharp-realty.com/homes-for-sale-with-quartz-countertops-charlotte,False,Disallow: /homes-for-sale-with-quartz-
https://www.helenharp-realty.com/homes-for-sale-with-quartz-countertops-lancaster-county,False,Disallow: /homes-for-sale-with-quartz-
https://www.helenharp-realty.com/homes-for-sale-with-quartz-countertops-maiden,False,Disallow: /homes-for-sale-with-quartz-
https://www.helenharp-realty.com/homes-for-sale-with-rv-parking-charlotte,False,Disallow: /homes-for-sale-with-rv-
https://www.helenharp-realty.com/homes-for-sale-with-rv-parking-lancaster-county,False,Disallow: /homes-for-sale-with-rv-
https://www.helenharp-realty.com/homes-for-sale-with-separate-living-quarters-charlotte,False,Disallow: /homes-for-sale-with-separate-living-quarters-charlotte$
https://www.helenharp-realty.com/homes-for-sale-with-separate-living-quarters-lancaster-county,False,Disallow: /homes-for-sale-with-separate-living-quarters-lancaster-
https://www.helenharp-realty.com/homes-for-sale-with-stainless-steel-appliances-charlotte,False,Disallow: /homes-for-sale-with-stainless-
https://www.helenharp-realty.com/homes-for-sale-with-stainless-steel-appliances-maiden,False,Disallow: /homes-for-sale-with-stainless-
https://www.helenharp-realty.com/homes-for-sale-with-vaulted-ceilings-charlotte,False,Disallow: /homes-for-sale-with-vaulted-
https://www.helenharp-realty.com/homes-for-sale-with-vaulted-ceilings-lancaster-county,False,Disallow: /homes-for-sale-with-vaulted-
https://www.helenharp-realty.com/homes-for-sale-with-water-access-charlotte,False,Disallow: /homes-for-sale-with-water-
https://www.helenharp-realty.com/homes-for-sale-zoned-to-albemarle-road-elementary,True,Allow: /
https://www.helenharp-realty.com/homes-for-sale-zoned-to-ashley-park-elementary,True,Allow: /
https://www.helenharp-realty.com/homes-for-sale-zoned-to-ballantyne-elementary,True,Allow: /
https://www.helenharp-realty.com/homes-for-sale-zoned-to-berewick-elementary,True,Allow: /
https://www.helenharp-realty.com/homes-for-sale-zoned-to-berryhill-elementary,True,Allow: /
https://www.helenharp-realty.com/homes-for-sale-zoned-to-beverly-woods-elementary,True,Allow: /
https://www.helenharp-realty.com/homes-for-sale-zoned-to-billingsville-cotswold-elementary,True,Allow: /
https://www.helenharp-realty.com/homes-for-sale-zoned-to-briarwood-elementary,True,Allow: /
https://www.helenharp-realty.com/homes-for-sale-zoned-to-bruns-avenue-elementary,True,Allow: /
https://www.helenharp-realty.com/homes-for-sale-zoned-to-buffalo-elementary,True,Allow: /
https://www.helenharp-realty.com/homes-for-sale-zoned-to-charles-h-parker-academic-center-elementary,True,Allow: /
https://www.helenharp-realty.com/homes-for-sale-zoned-to-croft-community-elementary,True,Allow: /
https://www.helenharp-realty.com/homes-for-sale-zoned-to-david-cox-road-elementary,True,Allow: /
https://www.helenharp-realty.com/homes-for-sale-zoned-to-dilworth-elementary,True,Allow: /
https://www.helenharp-realty.com/homes-for-sale-zoned-to-dilworth-latta-campus-dilworth-sedgefield-campus-elementary,True,Allow: /
https://www.helenharp-realty.com/homes-for-sale-zoned-to-dilworth-sedgefield-elementary,True,Allow: /
https://www.helenharp-realty.com/homes-for-sale-zoned-to-eastover-elementary,True,Allow: /
https://www.helenharp-realty.com/homes-for-sale-zoned-to-elizabeth-lane-elementary,True,Allow: /
https://www.helenharp-realty.com/homes-for-sale-zoned-to-elon-park-elementary,True,Allow: /
https://www.helenharp-realty.com/homes-for-sale-zoned-to-endhaven-elementary,True,Allow: /
https://www.helenharp-realty.com/homes-for-sale-zoned-to-first-ward-elementary,True,Allow: /
https://www.helenharp-realty.com/homes-for-sale-zoned-to-governors-village-elementary,True,Allow: /
https://www.helenharp-realty.com/homes-for-sale-zoned-to-greenway-park-elementary,True,Allow: /
https://www.helenharp-realty.com/homes-for-sale-zoned-to-grove-park-elementary,True,Allow: /
https://www.helenharp-realty.com/homes-for-sale-zoned-to-hawk-ridge-elementary,True,Allow: /
https://www.helenharp-realty.com/homes-for-sale-zoned-to-hickory-grove-elementary,True,Allow: /
https://www.helenharp-realty.com/homes-for-sale-zoned-to-hidden-valley-elementary,True,Allow: /
https://www.helenharp-realty.com/homes-for-sale-zoned-to-highland-creek-elementary,True,Allow: /
https://www.helenharp-realty.com/homes-for-sale-zoned-to-highland-renaissance-elementary,True,Allow: /
https://www.helenharp-realty.com/homes-for-sale-zoned-to-hornets-nest-elementary,True,Allow: /
https://www.helenharp-realty.com/homes-for-sale-zoned-to-huntingtowne-farms-elementary,True,Allow: /
https://www.helenharp-realty.com/homes-for-sale-zoned-to-idlewild-elementary,True,Allow: /
https://www.helenharp-realty.com/homes-for-sale-zoned-to-j-h-gunn-elementary,True,Allow: /
https://www.helenharp-realty.com/homes-for-sale-zoned-to-j-w-grier-elementary,True,Allow: /
https://www.helenharp-realty.com/homes-for-sale-zoned-to-knights-view-elementary,True,Allow: /
https://www.helenharp-realty.com/homes-for-sale-zoned-to-lake-wylie-elementary,True,Allow: /
https://www.helenharp-realty.com/homes-for-sale-zoned-to-lansdowne-elementary,True,Allow: /
https://www.helenharp-realty.com/homes-for-sale-zoned-to-lawrence-orr-elementary,True,Allow: /
https://www.helenharp-realty.com/homes-for-sale-zoned-to-lebanon-road-elementary,True,Allow: /
https://www.helenharp-realty.com/homes-for-sale-zoned-to-long-creek-elementary,True,Allow: /
https://www.helenharp-realty.com/homes-for-sale-zoned-to-maiden-elementary,True,Allow: /
https://www.helenharp-realty.com/homes-for-sale-zoned-to-mallard-creek-elementary,True,Allow: /
https://www.helenharp-realty.com/homes-for-sale-zoned-to-mcalpine-elementary,True,Allow: /
https://www.helenharp-realty.com/homes-for-sale-zoned-to-mckee-road-elementary,True,Allow: /
https://www.helenharp-realty.com/homes-for-sale-zoned-to-merry-oaks-elementary,True,Allow: /
https://www.helenharp-realty.com/homes-for-sale-zoned-to-montclaire-elementary,True,Allow: /
https://www.helenharp-realty.com/homes-for-sale-zoned-to-mountain-island-lake-academy-elementary,True,Allow: /
https://www.helenharp-realty.com/homes-for-sale-zoned-to-newell-elementary,True,Allow: /
https://www.helenharp-realty.com/homes-for-sale-zoned-to-oakdale-elementary,True,Allow: /
https://www.helenharp-realty.com/homes-for-sale-zoned-to-oakhurst-steam-academy-elementary,True,Allow: /
https://www.helenharp-realty.com/homes-for-sale-zoned-to-olde-providence-elementary,True,Allow: /
https://www.helenharp-realty.com/homes-for-sale-zoned-to-palisades-park-elementary,True,Allow: /
https://www.helenharp-realty.com/homes-for-sale-zoned-to-park-road-elementary,True,Allow: /
https://www.helenharp-realty.com/homes-for-sale-zoned-to-paw-creek-elementary,True,Allow: /
https://www.helenharp-realty.com/homes-for-sale-zoned-to-pinewood-mecklenburg-elementary,True,Allow: /
https://www.helenharp-realty.com/homes-for-sale-zoned-to-piney-grove-elementary,True,Allow: /
https://www.helenharp-realty.com/homes-for-sale-zoned-to-polo-ridge-elementary,True,Allow: /
https://www.helenharp-realty.com/homes-for-sale-zoned-to-providence-spring-elementary,True,Allow: /
https://www.helenharp-realty.com/homes-for-sale-zoned-to-rama-road-elementary,True,Allow: /
https://www.helenharp-realty.com/homes-for-sale-zoned-to-reedy-creek-elementary,True,Allow: /
https://www.helenharp-realty.com/homes-for-sale-zoned-to-reid-park-elementary,True,Allow: /
https://www.helenharp-realty.com/homes-for-sale-zoned-to-river-gate-elementary,True,Allow: /
https://www.helenharp-realty.com/homes-for-sale-zoned-to-river-oaks-academy-elementary,True,Allow: /
https://www.helenharp-realty.com/homes-for-sale-zoned-to-selwyn-elementary,True,Allow: /
https://www.helenharp-realty.com/homes-for-sale-zoned-to-shamrock-gardens-elementary,True,Allow: /
https://www.helenharp-realty.com/homes-for-sale-zoned-to-sharon-elementary,True,Allow: /
https://www.helenharp-realty.com/homes-for-sale-zoned-to-smithfield-elementary,True,Allow: /
https://www.helenharp-realty.com/homes-for-sale-zoned-to-south-pine-academy-elementary,True,Allow: /
https://www.helenharp-realty.com/homes-for-sale-zoned-to-starmount-elementary,True,Allow: /
https://www.helenharp-realty.com/homes-for-sale-zoned-to-statesville-road-elementary,True,Allow: /
https://www.helenharp-realty.com/homes-for-sale-zoned-to-steele-creek-elementary,True,Allow: /
https://www.helenharp-realty.com/homes-for-sale-zoned-to-sterling-elementary,True,Allow: /
https://www.helenharp-realty.com/homes-for-sale-zoned-to-stoney-creek-elementary,True,Allow: /
https://www.helenharp-realty.com/homes-for-sale-zoned-to-thomasboro-academy-elementary,True,Allow: /
https://www.helenharp-realty.com/homes-for-sale-zoned-to-tuckaseegee-elementary,True,Allow: /
https://www.helenharp-realty.com/homes-for-sale-zoned-to-tuttle-elementary,True,Allow: /
https://www.helenharp-realty.com/homes-for-sale-zoned-to-university-meadows-elementary,True,Allow: /
https://www.helenharp-realty.com/homes-for-sale-zoned-to-vaughan-academy-of-technology-at-parkside-elementary,True,Allow: /
https://www.helenharp-realty.com/homes-for-sale-zoned-to-villa-heights-elementary,True,Allow: /
https://www.helenharp-realty.com/homes-for-sale-zoned-to-walter-g-byers-elementary,True,Allow: /
https://www.helenharp-realty.com/homes-for-sale-zoned-to-westerly-hills-elementary,True,Allow: /
https://www.helenharp-realty.com/homes-for-sale-zoned-to-whitewater-academy-elementary,True,Allow: /
https://www.helenharp-realty.com/homes-for-sale-zoned-to-winding-springs-elementary,True,Allow: /
https://www.helenharp-realty.com/homes-for-sale-zoned-to-windsor-park-elementary,True,Allow: /
https://www.helenharp-realty.com/homes-for-sale-zoned-to-winget-park-elementary,True,Allow: /
https://www.helenharp-realty.com/investment-homes-for-sale-enderly-park-nc,True,Allow: /
https://www.helenharp-realty.com/investment-homes-for-sale-wesley-heights-nc,True,Allow: /
https://www.helenharp-realty.com/lake-community-homes-for-sale-charlotte,False,Disallow: /lake-community-homes-
https://www.helenharp-realty.com/lake-homes-for-sale-lancaster-county,True,Allow: /
https://www.helenharp-realty.com/lakefront-homes-for-sale-charlotte,False,Disallow: /lakefront-homes-for-sale-charlotte$
https://www.helenharp-realty.com/leased-homes-for-sale-28203-nc-listings,False,Disallow: /*-listings
https://www.helenharp-realty.com/living-in-28227-homes-for-sale-nc,False,Disallow: /living-in-28227-homes-for-sale-nc
https://www.helenharp-realty.com/lock-and-leave-homes-for-sale-charlotte,False,Disallow: /lock-and-leave-homes-
https://www.helenharp-realty.com/luxury-homes-for-sale-charlotte,False,Disallow: /luxury-homes-for-sale-charlotte$
https://www.helenharp-realty.com/luxury-homes-for-sale-lancaster-county,False,Disallow: /luxury-homes-for-sale-lancaster-county$
https://www.helenharp-realty.com/maintenance-free-homes-for-sale-charlotte,False,Disallow: /maintenance-free-
https://www.helenharp-realty.com/mansions-homes-for-sale-providence-country-club-nc,True,Allow: /
https://www.helenharp-realty.com/master-planned-community-homes-for-sale-charlotte,False,Disallow: /master-planned-community-
https://www.helenharp-realty.com/master-planned-community-homes-for-sale-lancaster-county,False,Disallow: /master-planned-community-
https://www.helenharp-realty.com/million-dollar-homes-for-sale-charlotte,False,Disallow: /million-dollar-homes-
https://www.helenharp-realty.com/million-dollar-homes-for-sale-lancaster-county,False,Disallow: /million-dollar-homes-
https://www.helenharp-realty.com/modern-homes-for-sale-28227,True,Allow: /
https://www.helenharp-realty.com/modern-homes-for-sale-charlotte,False,Disallow: /modern-homes-for-sale-charlotte$
https://www.helenharp-realty.com/modern-townhomes-for-sale-charlotte,True,Allow: /
https://www.helenharp-realty.com/modern-townhomes-for-sale-lancaster-county,True,Allow: /
https://www.helenharp-realty.com/mountain-homes-for-sale-brevard,True,Allow: /
https://www.helenharp-realty.com/mountain-townhomes-for-sale-charlotte-nc,True,Allow: /
https://www.helenharp-realty.com/mountain-waterfront-homes-for-sale-charlotte-nc,True,Allow: /
https://www.helenharp-realty.com/move-in-ready-homes-for-sale-charlotte,False,Disallow: /move-in-ready-homes-for-sale-charlotte$
https://www.helenharp-realty.com/move-in-ready-homes-for-sale-lancaster-county,False,Disallow: /move-in-ready-homes-for-sale-lancaster-county$
https://www.helenharp-realty.com/move-in-ready-new-homes-for-sale-charlotte-nc,True,Allow: /
https://www.helenharp-realty.com/move-in-ready-townhomes-for-sale-charlotte,True,Allow: /
https://www.helenharp-realty.com/multi-family-homes-for-sale-lancaster-county,True,Allow: /
https://www.helenharp-realty.com/multi-generational-adu-homes-for-sale-charlotte-nc,True,Allow: /
https://www.helenharp-realty.com/multi-unit-townhomes-for-sale-charlotte-nc,True,Allow: /
https://www.helenharp-realty.com/new-construction-homes-for-sale-charlotte,False,Disallow: /new-construction-homes-for-sale-charlotte$
https://www.helenharp-realty.com/new-construction-homes-for-sale-lancaster-county,False,Disallow: /new-construction-homes-for-sale-lancaster-county$
https://www.helenharp-realty.com/new-construction-homes-for-sale-maiden,False,Disallow: /new-construction-homes-for-sale-maiden$
https://www.helenharp-realty.com/new-construction-homes-for-sale-york-sc-listings,False,Disallow: /*-listings
https://www.helenharp-realty.com/new-construction-townhomes-for-sale-charlotte,True,Allow: /
https://www.helenharp-realty.com/new-construction-townhomes-for-sale-lancaster-county,True,Allow: /
https://www.helenharp-realty.com/new-home-community-homes-for-sale-lancaster-county,False,Disallow: /new-home-community-
https://www.helenharp-realty.com/new-homes-for-sale-cline-village,True,Allow: /
https://www.helenharp-realty.com/new-homes-for-sale-union,True,Allow: /
https://www.helenharp-realty.com/new-luxury-homes-for-sale-lancaster-county,True,Allow: /
https://www.helenharp-realty.com/new-luxury-townhomes-for-sale-charlotte,True,Allow: /
https://www.helenharp-realty.com/new-pre-construction-homes-for-sale-charlotte,True,Allow: /
https://www.helenharp-realty.com/new-retirement-homes-for-sale-charlotte-nc,True,Allow: /
https://www.helenharp-realty.com/new-townhomes-for-sale-charlotte,True,Allow: /
https://www.helenharp-realty.com/new-townhomes-for-sale-lancaster-county,True,Allow: /
https://www.helenharp-realty.com/newly-built-homes-for-sale-charlotte,False,Disallow: /newly-built-homes-
https://www.helenharp-realty.com/newly-built-homes-for-sale-lancaster-county,False,Disallow: /newly-built-homes-
https://www.helenharp-realty.com/newly-built-homes-for-sale-maiden,False,Disallow: /newly-built-homes-
https://www.helenharp-realty.com/no-hoa-townhomes-for-sale-charlotte-nc,True,Allow: /
https://www.helenharp-realty.com/one-bedroom-townhomes-for-sale-charlotte-nc,True,Allow: /
https://www.helenharp-realty.com/one-level-townhomes-for-sale-charlotte-nc,True,Allow: /
https://www.helenharp-realty.com/one-story-townhomes-for-sale-charlotte-nc,True,Allow: /
https://www.helenharp-realty.com/patio-townhomes-for-sale-charlotte,True,Allow: /
https://www.helenharp-realty.com/patio-townhomes-for-sale-lancaster-county,True,Allow: /
https://www.helenharp-realty.com/price-reduced-homes-for-sale-charlotte,False,Disallow: /price-reduced-homes-for-sale-charlotte$
https://www.helenharp-realty.com/price-reduced-homes-for-sale-lancaster-county,False,Disallow: /price-reduced-homes-for-sale-lancaster-county$
https://www.helenharp-realty.com/price-reduced-homes-for-sale-maiden,False,Disallow: /price-reduced-homes-for-sale-maiden$
https://www.helenharp-realty.com/privacy/,True,Allow: /
https://www.helenharp-realty.com/private-pool-homes-for-sale-foxcroft-nc-listings,False,Disallow: /*-listings
https://www.helenharp-realty.com/property-101-ruffed-grouse-road-brevard-nc-4422694,False,Disallow: /property-
https://www.helenharp-realty.com/property-102-wellington-hills-circle-salisbury-nc-4424548,False,Disallow: /property-
https://www.helenharp-realty.com/property-105-stoneybrook-road-salisbury-nc-4426829,False,Disallow: /property-
https://www.helenharp-realty.com/property-10520-queensmead-circle-charlotte-nc-4427986,False,Disallow: /property-
https://www.helenharp-realty.com/property-1058-n-lilac-lane-salisbury-nc-4424096,False,Disallow: /property-
https://www.helenharp-realty.com/property-106-green-acres-avenue-brevard-nc-4388358,False,Disallow: /property-
https://www.helenharp-realty.com/property-10609-candlestick-court-charlotte-nc-4424540,False,Disallow: /property-
https://www.helenharp-realty.com/property-11013-argosy-drive-lancaster-sc-4427320,False,Disallow: /property-
https://www.helenharp-realty.com/property-111-kanunu-court-brevard-nc-4422371,False,Disallow: /property-
https://www.helenharp-realty.com/property-112-brookside-drive-union-sc-4401480,False,Disallow: /property-
https://www.helenharp-realty.com/property-11200-walking-horse-lane-charlotte-nc-4426487,False,Disallow: /property-
https://www.helenharp-realty.com/property-1124-berryhill-road-charlotte-nc-4403882,False,Disallow: /property-
https://www.helenharp-realty.com/property-113-riverside-estate-road-brevard-nc-4420795,False,Disallow: /property-
https://www.helenharp-realty.com/property-11320-hunters-landing-drive-charlotte-nc-4426224,False,Disallow: /property-
https://www.helenharp-realty.com/property-11413-larix-drive-charlotte-nc-4424711,False,Disallow: /property-
https://www.helenharp-realty.com/property-11527-cardinal-creek-avenue-charlotte-nc-4374942,False,Disallow: /property-
https://www.helenharp-realty.com/property-1177-stonegate-drive-salisbury-nc-4426364,False,Disallow: /property-
https://www.helenharp-realty.com/property-122-russet-road-union-sc-4423127,False,Disallow: /property-
https://www.helenharp-realty.com/property-123-russet-road-union-sc-4407166,False,Disallow: /property-
https://www.helenharp-realty.com/property-124-russet-road-union-sc-4423129,False,Disallow: /property-
https://www.helenharp-realty.com/property-125-russet-road-union-sc-4402186,False,Disallow: /property-
https://www.helenharp-realty.com/property-1258-ambrosia-drive-92-york-sc-4422224,False,Disallow: /property-
https://www.helenharp-realty.com/property-127-russet-road-union-sc-4414337,False,Disallow: /property-
https://www.helenharp-realty.com/property-129-russet-road-union-sc-4422743,False,Disallow: /property-
https://www.helenharp-realty.com/property-130-ridge-creek-court-salisbury-nc-4425146,False,Disallow: /property-
https://www.helenharp-realty.com/property-1313-e-maiden-road-maiden-nc-4429990,False,Disallow: /property-
https://www.helenharp-realty.com/property-1315-east-boulevard-407-charlotte-nc-4405107,False,Disallow: /property-
https://www.helenharp-realty.com/property-13504-norlington-court-charlotte-nc-4424845,False,Disallow: /property-
https://www.helenharp-realty.com/property-138-arlingdale-drive-york-sc-4419244,False,Disallow: /property-
https://www.helenharp-realty.com/property-139-e-forest-drive-union-sc-4402279,False,Disallow: /property-
https://www.helenharp-realty.com/property-14137-wild-elm-road-charlotte-nc-4384245,False,Disallow: /property-
https://www.helenharp-realty.com/property-14204-southbridge-forest-drive-charlotte-nc-4425142,False,Disallow: /property-
https://www.helenharp-realty.com/property-144-arlingdale-drive-york-sc-4425449,False,Disallow: /property-
https://www.helenharp-realty.com/property-14546-waterside-drive-charlotte-nc-4423236,False,Disallow: /property-
https://www.helenharp-realty.com/property-14700-august-lane-charlotte-nc-4423705,False,Disallow: /property-
https://www.helenharp-realty.com/property-14727-superior-street-charlotte-nc-4426197,False,Disallow: /property-
https://www.helenharp-realty.com/property-14903-superior-street-charlotte-nc-4424506,False,Disallow: /property-
https://www.helenharp-realty.com/property-150-arlingdale-drive-york-sc-4425467,False,Disallow: /property-
https://www.helenharp-realty.com/property-1527-burnley-road-charlotte-nc-4424058,False,Disallow: /property-
https://www.helenharp-realty.com/property-153-israel-road-leicester-nc-4427403,False,Disallow: /property-
https://www.helenharp-realty.com/property-15309-ballancroft-parkway-charlotte-nc-4370374,False,Disallow: /property-
https://www.helenharp-realty.com/property-1603-harper-landing-boulevard-stanley-nc-4427525,False,Disallow: /property-
https://www.helenharp-realty.com/property-1609-harper-landing-boulevard-stanley-nc-4421639,False,Disallow: /property-
https://www.helenharp-realty.com/property-1634-grassy-knoll-trail-maiden-nc-4429377,False,Disallow: /property-
https://www.helenharp-realty.com/property-1884-bear-creek-road-leicester-nc-4425462,False,Disallow: /property-
https://www.helenharp-realty.com/property-190-bonaventure-drive-salisbury-nc-4425766,False,Disallow: /property-
https://www.helenharp-realty.com/property-201-merriville-drive-union-sc-4402181,False,Disallow: /property-
https://www.helenharp-realty.com/property-2099-brookchase-boulevard-indian-land-sc-4427250,False,Disallow: /property-
https://www.helenharp-realty.com/property-2106-water-plant-road-maiden-nc-4428990,False,Disallow: /property-
https://www.helenharp-realty.com/property-2199-pacer-road-lancaster-sc-4427979,False,Disallow: /property-
https://www.helenharp-realty.com/property-227-nesbit-drive-salisbury-nc-4424575,False,Disallow: /property-
https://www.helenharp-realty.com/property-2304-snapdragon-court-stanley-nc-4421638,False,Disallow: /property-
https://www.helenharp-realty.com/property-2305-snapdragon-court-stanley-nc-4426156,False,Disallow: /property-
https://www.helenharp-realty.com/property-23090-kingfisher-drive-indian-land-sc-4427495,False,Disallow: /property-
https://www.helenharp-realty.com/property-234-resada-drive-brevard-nc-4422356,False,Disallow: /property-
https://www.helenharp-realty.com/property-2411-chartwell-street-stanley-nc-4426043,False,Disallow: /property-
https://www.helenharp-realty.com/property-2412-smugglers-court-charlotte-nc-4424095,False,Disallow: /property-
https://www.helenharp-realty.com/property-2417-the-plaza-charlotte-nc-4421646,False,Disallow: /property-
https://www.helenharp-realty.com/property-245-potato-branch-road-leicester-nc-4427548,False,Disallow: /property-
https://www.helenharp-realty.com/property-2454-oak-valley-lane-maiden-nc-4428248,False,Disallow: /property-
https://www.helenharp-realty.com/property-2508-stradbrook-drive-b-charlotte-nc-4423800,False,Disallow: /property-
https://www.helenharp-realty.com/property-2612-elon-street-charlotte-nc-4426382,False,Disallow: /property-
https://www.helenharp-realty.com/property-27-dreambird-drive-leicester-nc-4424552,False,Disallow: /property-
https://www.helenharp-realty.com/property-2711-johnny-reb-lane-charlotte-nc-4425742,False,Disallow: /property-
https://www.helenharp-realty.com/property-29-panther-ridge-road-brevard-nc-4421618,False,Disallow: /property-
https://www.helenharp-realty.com/property-3-s-creek-drive-leicester-nc-4428172,False,Disallow: /property-
https://www.helenharp-realty.com/property-3013-brandywine-way-york-sc-4423815,False,Disallow: /property-
https://www.helenharp-realty.com/property-303-wodigeasgohi-drive-brevard-nc-4419106,False,Disallow: /property-
https://www.helenharp-realty.com/property-3031-aberleaf-lane-charlotte-nc-4423203,False,Disallow: /property-
https://www.helenharp-realty.com/property-304-hickory-lane-salisbury-nc-4421959,False,Disallow: /property-
https://www.helenharp-realty.com/property-306-chickasaw-trail-maiden-nc-4429291,False,Disallow: /property-
https://www.helenharp-realty.com/property-313-damask-drive-lancaster-sc-4425847,False,Disallow: /property-
https://www.helenharp-realty.com/property-32-ossarooga-court-brevard-nc-4423106,False,Disallow: /property-
https://www.helenharp-realty.com/property-340-miramar-drive-york-sc-4424976,False,Disallow: /property-
https://www.helenharp-realty.com/property-3409-rogers-street-charlotte-nc-4384985,False,Disallow: /property-
https://www.helenharp-realty.com/property-3649-navajo-drive-maiden-nc-4429338,False,Disallow: /property-
https://www.helenharp-realty.com/property-3701-pelham-lane-charlotte-nc-4361615,False,Disallow: /property-
https://www.helenharp-realty.com/property-3760-cappadocia-church-road-polkton-nc-4312373,False,Disallow: /property-
https://www.helenharp-realty.com/property-3787-rolling-view-lane-maiden-nc-4429345,False,Disallow: /property-
https://www.helenharp-realty.com/property-3909-wightman-church-road-polkton-nc-4389831,False,Disallow: /property-
https://www.helenharp-realty.com/property-4111-columbine-circle-charlotte-nc-4376886,False,Disallow: /property-
https://www.helenharp-realty.com/property-418-green-valley-road-leicester-nc-4427857,False,Disallow: /property-
https://www.helenharp-realty.com/property-4206-wilson-lane-charlotte-nc-4424094,False,Disallow: /property-
https://www.helenharp-realty.com/property-4252-goodson-road-maiden-nc-4429073,False,Disallow: /property-
https://www.helenharp-realty.com/property-4260-wiregrass-road-fort-mill-sc-4426799,False,Disallow: /property-
https://www.helenharp-realty.com/property-502-plantation-road-10-lancaster-sc-4426639,False,Disallow: /property-
https://www.helenharp-realty.com/property-508-willow-road-salisbury-nc-4424265,False,Disallow: /property-
https://www.helenharp-realty.com/property-51-balsamwood-road-leicester-nc-4429593,False,Disallow: /property-
https://www.helenharp-realty.com/property-5611-timbertop-lane-charlotte-nc-4427936,False,Disallow: /property-
https://www.helenharp-realty.com/property-5708-twin-brook-drive-charlotte-nc-4412827,False,Disallow: /property-
https://www.helenharp-realty.com/property-5710-rainbow-lane-indian-land-sc-4423207,False,Disallow: /property-
https://www.helenharp-realty.com/property-593-cross-of-calvary-lane-jefferson-sc-4424605,False,Disallow: /property-
https://www.helenharp-realty.com/property-6015-shady-terrace-lane-york-sc-4423819,False,Disallow: /property-
https://www.helenharp-realty.com/property-612-miller-street-charlotte-nc-4373827,False,Disallow: /property-
https://www.helenharp-realty.com/property-6208-metter-street-charlotte-nc-4423765,False,Disallow: /property-
https://www.helenharp-realty.com/property-6214-elkington-lane-mint-hill-nc-4424039,False,Disallow: /property-
https://www.helenharp-realty.com/property-6225-ludell-lane-charlotte-nc-4427431,False,Disallow: /property-
https://www.helenharp-realty.com/property-6229-ludell-lane-charlotte-nc-4426356,False,Disallow: /property-
https://www.helenharp-realty.com/property-6233-ludell-lane-charlotte-nc-4426332,False,Disallow: /property-
https://www.helenharp-realty.com/property-640-cooley-drive-salisbury-nc-4426698,False,Disallow: /property-
https://www.helenharp-realty.com/property-6555-mcintosh-road-stanley-nc-4419756,False,Disallow: /property-
https://www.helenharp-realty.com/property-6737-cardigan-avenue-charlotte-nc-4426684,False,Disallow: /property-
https://www.helenharp-realty.com/property-6821-hollow-oak-drive-mint-hill-nc-4423362,False,Disallow: /property-
https://www.helenharp-realty.com/property-707-w-barr-street-lancaster-sc-4426979,False,Disallow: /property-
https://www.helenharp-realty.com/property-708-710-kendal-drive-leicester-nc-4429319,False,Disallow: /property-
https://www.helenharp-realty.com/property-71-view-ridge-parkway-leicester-nc-4423955,False,Disallow: /property-
https://www.helenharp-realty.com/property-711-arthur-boulevard-union-sc-4407809,False,Disallow: /property-
https://www.helenharp-realty.com/property-7117-daerwood-place-charlotte-nc-4426773,False,Disallow: /property-
https://www.helenharp-realty.com/property-7120-chattanooga-lane-mint-hill-nc-4422674,False,Disallow: /property-
https://www.helenharp-realty.com/property-7155-juneberry-way-maiden-nc-4429349,False,Disallow: /property-
https://www.helenharp-realty.com/property-7179-juneberry-way-maiden-nc-4429238,False,Disallow: /property-
https://www.helenharp-realty.com/property-73-redwood-street-brevard-nc-4420611,False,Disallow: /property-
https://www.helenharp-realty.com/property-7304-s-little-egypt-road-stanley-nc-4426184,False,Disallow: /property-
https://www.helenharp-realty.com/property-7310-fig-lane-charlotte-nc-4423828,False,Disallow: /property-
https://www.helenharp-realty.com/property-7336-wake-way-indian-land-sc-4427945,False,Disallow: /property-
https://www.helenharp-realty.com/property-7343-fox-point-drive-charlotte-nc-4386822,False,Disallow: /property-
https://www.helenharp-realty.com/property-74-walnut-ridge-lane-brevard-nc-4419303,False,Disallow: /property-
https://www.helenharp-realty.com/property-755-edgerton-drive-charlotte-nc-4404783,False,Disallow: /property-
https://www.helenharp-realty.com/property-7890-ballentrae-place-stanley-nc-4425269,False,Disallow: /property-
https://www.helenharp-realty.com/property-8102-rolling-fields-road-charlotte-nc-4295868,False,Disallow: /property-
https://www.helenharp-realty.com/property-8110-rolling-fields-road-48-charlotte-nc-4421416,False,Disallow: /property-
https://www.helenharp-realty.com/property-816-hough-street-mount-croghan-sc-4411530,False,Disallow: /property-
https://www.helenharp-realty.com/property-819-triple-creek-road-mount-croghan-sc-4361115,False,Disallow: /property-
https://www.helenharp-realty.com/property-826-sparano-loop-32-york-sc-4425977,False,Disallow: /property-
https://www.helenharp-realty.com/property-8318-rockmoor-ridge-road-charlotte-nc-4425119,False,Disallow: /property-
https://www.helenharp-realty.com/property-8424-othello-place-charlotte-nc-4423888,False,Disallow: /property-
https://www.helenharp-realty.com/property-8600-brownes-pond-lane-charlotte-nc-4372694,False,Disallow: /property-
https://www.helenharp-realty.com/property-8616-silver-falls-way-charlotte-nc-4423664,False,Disallow: /property-
https://www.helenharp-realty.com/property-9002-ramsford-court-charlotte-nc-4419340,False,Disallow: /property-
https://www.helenharp-realty.com/property-901-grace-drive-stanley-nc-4424679,False,Disallow: /property-
https://www.helenharp-realty.com/property-91-walnut-drive-leicester-nc-4427887,False,Disallow: /property-
https://www.helenharp-realty.com/property-9209-plashet-lane-mint-hill-nc-4422275,False,Disallow: /property-
https://www.helenharp-realty.com/property-926-two-brothers-lane-york-sc-4427430,False,Disallow: /property-
https://www.helenharp-realty.com/property-935-killian-road-stanley-nc-4410593,False,Disallow: /property-
https://www.helenharp-realty.com/property-9620-fir-knoll-road-mint-hill-nc-4419906,False,Disallow: /property-
https://www.helenharp-realty.com/property-970-two-brothers-lane-york-sc-4427424,False,Disallow: /property-
https://www.helenharp-realty.com/property-9821-garth-wood-road-charlotte-nc-4424614,False,Disallow: /property-
https://www.helenharp-realty.com/quick-move-in-homes-for-sale-charlotte,False,Disallow: /quick-move-in-homes-
https://www.helenharp-realty.com/quick-move-in-homes-for-sale-lancaster-county,False,Disallow: /quick-move-in-homes-
https://www.helenharp-realty.com/ranch-style-houses-for-sale-charlotte,False,Disallow: /ranch-style-houses-for-sale-charlotte$
https://www.helenharp-realty.com/ranch-style-houses-for-sale-lancaster-county,False,Disallow: /ranch-style-houses-for-sale-lancaster-
https://www.helenharp-realty.com/recently-renovated-homes-for-sale-charlotte,False,Disallow: /recently-renovated-
https://www.helenharp-realty.com/renovated-homes-for-sale-maiden,False,Disallow: /renovated-homes-for-sale-maiden$
https://www.helenharp-realty.com/rental-income-homes-for-sale-enderly-park-nc,True,Allow: /
https://www.helenharp-realty.com/resort-townhomes-for-sale-charlotte,True,Allow: /
https://www.helenharp-realty.com/resort-townhomes-for-sale-lancaster-county,True,Allow: /
https://www.helenharp-realty.com/retirement-community-homes-for-sale-charlotte,False,Disallow: /retirement-community-
https://www.helenharp-realty.com/retirement-community-homes-for-sale-lancaster-county,False,Disallow: /retirement-community-
https://www.helenharp-realty.com/rooftop-terrace-townhomes-for-sale-charlotte,True,Allow: /
https://www.helenharp-realty.com/sandbox/buyer-tools-lab/free-property-report.php,False,Disallow: /sandbox/buyer-tools-lab/
https://www.helenharp-realty.com/single-family-homes-for-sale-lancaster-county,True,Allow: /
https://www.helenharp-realty.com/single-family-townhomes-for-sale-charlotte-nc,True,Allow: /
https://www.helenharp-realty.com/single-story-homes-for-sale-maiden,True,Allow: /
https://www.helenharp-realty.com/smart-efficient-homes-for-sale-28213-nc,True,Allow: /
https://www.helenharp-realty.com/smart-efficient-homes-for-sale-28277-nc,True,Allow: /
https://www.helenharp-realty.com/solar-homes-for-sale-lancaster-county-sc,True,Allow: /
https://www.helenharp-realty.com/solar-powered-homes-for-sale-hidden-valley-nc-listings,False,Disallow: /*-listings
https://www.helenharp-realty.com/studio-flex-space-homes-for-sale-enderly-park-nc-listings,False,Disallow: /*-listings
https://www.helenharp-realty.com/terms/,True,Allow: /
https://www.helenharp-realty.com/three-bedroom-townhomes-for-sale-lancaster-county-sc,True,Allow: /
https://www.helenharp-realty.com/to-be-built-homes-for-sale-lancaster-county,False,Disallow: /to-be-built-homes-for-sale-lancaster-
https://www.helenharp-realty.com/townhomes-for-sale-forest-lake-nc,True,Allow: /
https://www.helenharp-realty.com/townhomes-for-sale-with-a-garage-charlotte,False,Disallow: /townhomes-for-sale-with-a-
https://www.helenharp-realty.com/townhomes-for-sale-with-a-pool-charlotte,False,Disallow: /townhomes-for-sale-with-a-
https://www.helenharp-realty.com/townhomes-for-sale-with-a-pool-lancaster-county,False,Disallow: /townhomes-for-sale-with-a-
https://www.helenharp-realty.com/townhomes-for-sale-with-garage-lancaster-county-sc,True,Allow: /
https://www.helenharp-realty.com/townhomes-for-sale-with-pool-lancaster-county-sc,True,Allow: /
https://www.helenharp-realty.com/transitional-homes-for-sale-lancaster-county,False,Disallow: /transitional-homes-
https://www.helenharp-realty.com/tudor-homes-for-sale-charlotte,False,Disallow: /tudor-homes-for-sale-charlotte$
https://www.helenharp-realty.com/turnkey-rental-homes-for-sale-enderly-park-nc,True,Allow: /
https://www.helenharp-realty.com/two-bedroom-townhomes-for-sale-lancaster-county-sc,True,Allow: /
https://www.helenharp-realty.com/two-car-garage-townhomes-for-sale-lancaster-county-sc,True,Allow: /
https://www.helenharp-realty.com/two-story-townhomes-for-sale-lancaster-county-sc,True,Allow: /
https://www.helenharp-realty.com/updated-homes-for-sale-charlotte,False,Disallow: /updated-homes-for-
https://www.helenharp-realty.com/updated-homes-for-sale-lancaster-county,False,Disallow: /updated-homes-for-
https://www.helenharp-realty.com/updated-homes-for-sale-maiden,False,Disallow: /updated-homes-for-
https://www.helenharp-realty.com/waterfront-community-homes-for-sale-charlotte,False,Disallow: /waterfront-community-
https://www.helenharp-realty.com/waterfront-log-homes-for-sale-lancaster-county,True,Allow: /
