robots_allowed,url,status,final_url,noindex,nofollow,meta_robots,x_robots_tag,canonical
False,https://www.helenharp-realty.com/property-105-david-court-fort-mill-sc-4395780,403,https://www.helenharp-realty.com/property-105-david-court-fort-mill-sc-4395780,False,False,,,
False,https://www.helenharp-realty.com/home-office-flex-homes-for-sale-28206-nc-listings,403,https://www.helenharp-realty.com/home-office-flex-homes-for-sale-28206-nc-listings,False,False,,,
False,https://www.helenharp-realty.com/property-2000-kilborne-drive-charlotte-nc-4415514,403,https://www.helenharp-realty.com/property-2000-kilborne-drive-charlotte-nc-4415514,False,False,,,
False,https://www.helenharp-realty.com/property-2405-marlowe-avenue-charlotte-nc-4423166,403,https://www.helenharp-realty.com/property-2405-marlowe-avenue-charlotte-nc-4423166,False,False,,,
False,https://www.helenharp-realty.com/property-213-lakeview-drive-harrisburg-nc-4426223,403,https://www.helenharp-realty.com/property-213-lakeview-drive-harrisburg-nc-4426223,False,False,,,
False,https://www.helenharp-realty.com/property-2586-grantham-place-drive-fort-mill-sc-4419545,403,https://www.helenharp-realty.com/property-2586-grantham-place-drive-fort-mill-sc-4419545,False,False,,,
False,https://www.helenharp-realty.com/property-9002-ramsford-court-charlotte-nc-4419340,403,https://www.helenharp-realty.com/property-9002-ramsford-court-charlotte-nc-4419340,False,False,,,
False,https://www.helenharp-realty.com/property-1313-margo-mannor-fort-mill-sc-4427312,403,https://www.helenharp-realty.com/property-1313-margo-mannor-fort-mill-sc-4427312,False,False,,,
False,https://www.helenharp-realty.com/property-1634-grassy-knoll-trail-maiden-nc-4429377,403,https://www.helenharp-realty.com/property-1634-grassy-knoll-trail-maiden-nc-4429377,False,False,,,
False,https://www.helenharp-realty.com/property-104-anthony-road-rockwell-nc-4416459,403,https://www.helenharp-realty.com/property-104-anthony-road-rockwell-nc-4416459,False,False,,,
False,https://www.helenharp-realty.com/property-16184-commodore-drive-lancaster-sc-4408562,403,https://www.helenharp-realty.com/property-16184-commodore-drive-lancaster-sc-4408562,False,False,,,
False,https://www.helenharp-realty.com/property-724-sparano-loop-178-york-sc-4415050,403,https://www.helenharp-realty.com/property-724-sparano-loop-178-york-sc-4415050,False,False,,,
False,https://www.helenharp-realty.com/property-3747-moorland-drive-charlotte-nc-4424515,403,https://www.helenharp-realty.com/property-3747-moorland-drive-charlotte-nc-4424515,False,False,,,
False,https://www.helenharp-realty.com/property-1401-fleetwood-plaza-1-hendersonville-nc-4295007,403,https://www.helenharp-realty.com/property-1401-fleetwood-plaza-1-hendersonville-nc-4295007,False,False,,,
False,https://www.helenharp-realty.com/property-5108-s-tryon-street-charlotte-nc-4428111,403,https://www.helenharp-realty.com/property-5108-s-tryon-street-charlotte-nc-4428111,False,False,,,
False,https://www.helenharp-realty.com/property-2678-landing-pointe-drive-clover-sc-4361473,403,https://www.helenharp-realty.com/property-2678-landing-pointe-drive-clover-sc-4361473,False,False,,,
False,https://www.helenharp-realty.com/property-9316-ainslie-downs-street-charlotte-nc-4390276,403,https://www.helenharp-realty.com/property-9316-ainslie-downs-street-charlotte-nc-4390276,False,False,,,
False,https://www.helenharp-realty.com/guest-suite-homes-for-sale-28207-nc-listings,403,https://www.helenharp-realty.com/guest-suite-homes-for-sale-28207-nc-listings,False,False,,,
False,https://www.helenharp-realty.com/property-1491-20th-avenue-ne-6-hickory-nc-4415818,403,https://www.helenharp-realty.com/property-1491-20th-avenue-ne-6-hickory-nc-4415818,False,False,,,
False,https://www.helenharp-realty.com/guest-homes-for-sale-28110-nc-listings,403,https://www.helenharp-realty.com/guest-homes-for-sale-28110-nc-listings,False,False,,,
False,https://www.helenharp-realty.com/property-2440-greenland-avenue-charlotte-nc-4425851,403,https://www.helenharp-realty.com/property-2440-greenland-avenue-charlotte-nc-4425851,False,False,,,
False,https://www.helenharp-realty.com/property-11591-valley-oaks-lane-stanfield-nc-4414526,403,https://www.helenharp-realty.com/property-11591-valley-oaks-lane-stanfield-nc-4414526,False,False,,,
False,https://www.helenharp-realty.com/homes-for-sale-amity-gardens-nc-listings,403,https://www.helenharp-realty.com/homes-for-sale-amity-gardens-nc-listings,False,False,,,
False,https://www.helenharp-realty.com/property-712-sparano-loop-175-york-sc-4422228,403,https://www.helenharp-realty.com/property-712-sparano-loop-175-york-sc-4422228,False,False,,,
False,https://www.helenharp-realty.com/property-123-brown-street-clover-sc-4427031,403,https://www.helenharp-realty.com/property-123-brown-street-clover-sc-4427031,False,False,,,
False,https://www.helenharp-realty.com/property-29-panther-ridge-road-brevard-nc-4421618,403,https://www.helenharp-realty.com/property-29-panther-ridge-road-brevard-nc-4421618,False,False,,,
False,https://www.helenharp-realty.com/property-704-sparano-loop-173-york-sc-4415049,403,https://www.helenharp-realty.com/property-704-sparano-loop-173-york-sc-4415049,False,False,,,
False,https://www.helenharp-realty.com/property-3628-michigan-avenue-charlotte-nc-4422605,403,https://www.helenharp-realty.com/property-3628-michigan-avenue-charlotte-nc-4422605,False,False,,,
False,https://www.helenharp-realty.com/property-626-queens-road-101-charlotte-nc-4409799,403,https://www.helenharp-realty.com/property-626-queens-road-101-charlotte-nc-4409799,False,False,,,
False,https://www.helenharp-realty.com/property-2610-sedley-road-charlotte-nc-4415993,403,https://www.helenharp-realty.com/property-2610-sedley-road-charlotte-nc-4415993,False,False,,,
False,https://www.helenharp-realty.com/property-4206-wilson-lane-charlotte-nc-4424094,403,https://www.helenharp-realty.com/property-4206-wilson-lane-charlotte-nc-4424094,False,False,,,
False,https://www.helenharp-realty.com/ranch-homes-for-sale-maiden-listings,403,https://www.helenharp-realty.com/ranch-homes-for-sale-maiden-listings,False,False,,,
False,https://www.helenharp-realty.com/property-14546-waterside-drive-charlotte-nc-4423236,403,https://www.helenharp-realty.com/property-14546-waterside-drive-charlotte-nc-4423236,False,False,,,
False,https://www.helenharp-realty.com/property-5379-turtle-creek-drive-denver-nc-4425200,403,https://www.helenharp-realty.com/property-5379-turtle-creek-drive-denver-nc-4425200,False,False,,,
False,https://www.helenharp-realty.com/property-901-s-10th-street-bessemer-city-nc-4418802,403,https://www.helenharp-realty.com/property-901-s-10th-street-bessemer-city-nc-4418802,False,False,,,
False,https://www.helenharp-realty.com/property-6676-lineberger-road-denver-nc-4422980,403,https://www.helenharp-realty.com/property-6676-lineberger-road-denver-nc-4422980,False,False,,,
False,https://www.helenharp-realty.com/property-3828-plainview-road-charlotte-nc-4425325,403,https://www.helenharp-realty.com/property-3828-plainview-road-charlotte-nc-4425325,False,False,,,
False,https://www.helenharp-realty.com/property-3-s-creek-drive-leicester-nc-4428172,403,https://www.helenharp-realty.com/property-3-s-creek-drive-leicester-nc-4428172,False,False,,,
False,https://www.helenharp-realty.com/property-14703-keyes-meadow-way-huntersville-nc-4420388,403,https://www.helenharp-realty.com/property-14703-keyes-meadow-way-huntersville-nc-4420388,False,False,,,
False,https://www.helenharp-realty.com/property-40163-crooked-stick-drive-lancaster-sc-4420082,403,https://www.helenharp-realty.com/property-40163-crooked-stick-drive-lancaster-sc-4420082,False,False,,,
