url,status,final_url,noindex,nofollow,meta_robots,x_robots_tag,canonical
https://www.helenharp-realty.com/,200,https://www.helenharp-realty.com/homes-for-sale-charlotte-nc,False,False,"robots=index, follow, noimageindex",,https://www.helenharp-realty.com/homes-for-sale-charlotte-nc
https://www.helenharp-realty.com/homes-for-sale-28227-nc,200,https://www.helenharp-realty.com/homes-for-sale-28227-nc,False,False,"robots=index, follow, noimageindex",,https://www.helenharp-realty.com/homes-for-sale-28227-nc
https://www.helenharp-realty.com/homes-for-sale-polkton-nc,200,https://www.helenharp-realty.com/homes-for-sale-polkton-nc,False,False,"robots=index, follow, noimageindex",,https://www.helenharp-realty.com/homes-for-sale-polkton-nc
https://www.helenharp-realty.com/homes-for-sale-28147-nc,200,https://www.helenharp-realty.com/homes-for-sale-28147-nc,False,False,"robots=index, follow, noimageindex",,https://www.helenharp-realty.com/homes-for-sale-28147-nc
https://www.helenharp-realty.com/homes-for-sale-brevard-nc,200,https://www.helenharp-realty.com/homes-for-sale-brevard-nc,False,False,"robots=index, follow, noimageindex",,https://www.helenharp-realty.com/homes-for-sale-brevard-nc
https://www.helenharp-realty.com/homes-for-sale-28215-nc,200,https://www.helenharp-realty.com/homes-for-sale-28215-nc,False,False,"robots=index, follow, noimageindex",,https://www.helenharp-realty.com/homes-for-sale-28215-nc
https://www.helenharp-realty.com/homes-for-sale-maiden-nc,200,https://www.helenharp-realty.com/homes-for-sale-maiden-nc,False,False,"robots=index, follow, noimageindex",,https://www.helenharp-realty.com/homes-for-sale-maiden-nc
https://www.helenharp-realty.com/homes-for-sale-lancaster-county-sc,200,https://www.helenharp-realty.com/homes-for-sale-lancaster-county-sc,False,False,"robots=index, follow, noimageindex",,https://www.helenharp-realty.com/homes-for-sale-lancaster-county-sc
https://www.helenharp-realty.com/homes-for-sale-leicester-nc,200,https://www.helenharp-realty.com/homes-for-sale-leicester-nc,False,False,"robots=index, follow, noimageindex",,https://www.helenharp-realty.com/homes-for-sale-leicester-nc
https://www.helenharp-realty.com/homes-for-sale-union-sc,200,https://www.helenharp-realty.com/homes-for-sale-union-sc,False,False,"robots=index, follow, noimageindex",,https://www.helenharp-realty.com/homes-for-sale-union-sc
https://www.helenharp-realty.com/homes-for-sale-greenville-county-nc,200,https://www.helenharp-realty.com/homes-for-sale-greenville-county-nc,False,False,"robots=index, follow, noimageindex",,https://www.helenharp-realty.com/homes-for-sale-greenville-county-nc
https://www.helenharp-realty.com/homes-for-sale-29727-sc,200,https://www.helenharp-realty.com/homes-for-sale-29727-sc,False,False,"robots=index, follow, noimageindex",,https://www.helenharp-realty.com/homes-for-sale-29727-sc
https://www.helenharp-realty.com/homes-for-sale-28209-nc,200,https://www.helenharp-realty.com/homes-for-sale-28209-nc,False,False,"robots=index, follow, noimageindex",,https://www.helenharp-realty.com/homes-for-sale-28209-nc
https://www.helenharp-realty.com/homes-for-sale-locust-nc,200,https://www.helenharp-realty.com/homes-for-sale-locust-nc,False,False,"robots=index, follow, noimageindex",,https://www.helenharp-realty.com/homes-for-sale-locust-nc
https://www.helenharp-realty.com/homes-for-sale-28077-nc,200,https://www.helenharp-realty.com/homes-for-sale-28077-nc,False,False,"robots=index, follow, noimageindex",,https://www.helenharp-realty.com/homes-for-sale-28077-nc
https://www.helenharp-realty.com/homes-for-sale-harrisburg-nc,200,https://www.helenharp-realty.com/homes-for-sale-harrisburg-nc,False,False,"robots=index, follow, noimageindex",,https://www.helenharp-realty.com/homes-for-sale-harrisburg-nc
https://www.helenharp-realty.com/homes-for-sale-southampton-commons-nc,200,https://www.helenharp-realty.com/homes-for-sale-southampton-commons-nc,False,False,"robots=index, follow, noimageindex",,https://www.helenharp-realty.com/homes-for-sale-southampton-commons-nc
https://www.helenharp-realty.com/homes-for-sale-811-e-morehead-nc,200,https://www.helenharp-realty.com/homes-for-sale-811-e-morehead-nc,False,False,"robots=index, follow, noimageindex",,https://www.helenharp-realty.com/homes-for-sale-811-e-morehead-nc
https://www.helenharp-realty.com/homes-for-sale-statesville-avenue-terrace-nc,200,https://www.helenharp-realty.com/homes-for-sale-statesville-avenue-terrace-nc,False,False,"robots=index, follow, noimageindex",,https://www.helenharp-realty.com/homes-for-sale-statesville-avenue-terrace-nc
https://www.helenharp-realty.com/homes-for-sale-lions-gate-nc,200,https://www.helenharp-realty.com/homes-for-sale-lions-gate-nc,False,False,"robots=index, follow, noimageindex",,https://www.helenharp-realty.com/homes-for-sale-lions-gate-nc
https://www.helenharp-realty.com/homes-for-sale-holly-hills-nc,200,https://www.helenharp-realty.com/homes-for-sale-holly-hills-nc,False,False,"robots=index, follow, noimageindex",,https://www.helenharp-realty.com/homes-for-sale-holly-hills-nc
https://www.helenharp-realty.com/homes-for-sale-chestnut-lake-nc,200,https://www.helenharp-realty.com/homes-for-sale-chestnut-lake-nc,False,False,"robots=index, follow, noimageindex",,https://www.helenharp-realty.com/homes-for-sale-chestnut-lake-nc
https://www.helenharp-realty.com/homes-for-sale-oakbrooke-nc,200,https://www.helenharp-realty.com/homes-for-sale-oakbrooke-nc,False,False,"robots=index, follow, noimageindex",,https://www.helenharp-realty.com/homes-for-sale-oakbrooke-nc
https://www.helenharp-realty.com/homes-for-sale-avery-glen-nc,200,https://www.helenharp-realty.com/homes-for-sale-avery-glen-nc,False,False,"robots=index, follow, noimageindex",,https://www.helenharp-realty.com/homes-for-sale-avery-glen-nc
https://www.helenharp-realty.com/homes-for-sale-ascot-woods-nc,200,https://www.helenharp-realty.com/homes-for-sale-ascot-woods-nc,False,False,"robots=index, follow, noimageindex",,https://www.helenharp-realty.com/homes-for-sale-ascot-woods-nc
https://www.helenharp-realty.com/homes-for-sale-ashmore-square-nc,200,https://www.helenharp-realty.com/homes-for-sale-ashmore-square-nc,False,False,"robots=index, follow, noimageindex",,https://www.helenharp-realty.com/homes-for-sale-ashmore-square-nc
https://www.helenharp-realty.com/homes-for-sale-whistle-peace-nc,200,https://www.helenharp-realty.com/homes-for-sale-whistle-peace-nc,False,False,"robots=index, follow, noimageindex",,https://www.helenharp-realty.com/homes-for-sale-whistle-peace-nc
https://www.helenharp-realty.com/homes-for-sale-amity-gardens-nc,200,https://www.helenharp-realty.com/homes-for-sale-amity-gardens-nc,False,False,"robots=index, follow, noimageindex",,https://www.helenharp-realty.com/homes-for-sale-amity-gardens-nc
https://www.helenharp-realty.com/homes-for-sale-ridgewater-nc,200,https://www.helenharp-realty.com/homes-for-sale-ridgewater-nc,False,False,"robots=index, follow, noimageindex",,https://www.helenharp-realty.com/homes-for-sale-ridgewater-nc
https://www.helenharp-realty.com/homes-for-sale-heathrow-on-harris-nc,200,https://www.helenharp-realty.com/homes-for-sale-heathrow-on-harris-nc,False,False,"robots=index, follow, noimageindex",,https://www.helenharp-realty.com/homes-for-sale-heathrow-on-harris-nc
https://www.helenharp-realty.com/homes-for-sale-sherwood-forest-nc,200,https://www.helenharp-realty.com/homes-for-sale-sherwood-forest-nc,False,False,"robots=index, follow, noimageindex",,https://www.helenharp-realty.com/homes-for-sale-sherwood-forest-nc
https://www.helenharp-realty.com/price-reduced-homes-for-sale-28115-nc,200,https://www.helenharp-realty.com/price-reduced-homes-for-sale-28115-nc,False,False,"robots=index, follow, noimageindex",,https://www.helenharp-realty.com/price-reduced-homes-for-sale-28115-nc
https://www.helenharp-realty.com/5-bedroom-homes-for-sale-28278,200,https://www.helenharp-realty.com/5-bedroom-homes-for-sale-28278,False,False,"robots=index, follow, noimageindex",,https://www.helenharp-realty.com/5-bedroom-homes-for-sale-28278
https://www.helenharp-realty.com/mansions-homes-for-sale-dilworth-nc,200,https://www.helenharp-realty.com/mansions-homes-for-sale-dilworth-nc,False,False,"robots=index, follow, noimageindex",,https://www.helenharp-realty.com/mansions-homes-for-sale-dilworth-nc
https://www.helenharp-realty.com/historic-homes-for-sale-kings-mountain,200,https://www.helenharp-realty.com/historic-homes-for-sale-kings-mountain,False,False,"robots=index, follow, noimageindex",,https://www.helenharp-realty.com/historic-homes-for-sale-kings-mountain
https://www.helenharp-realty.com/ranch-homes-for-sale-maiden,200,https://www.helenharp-realty.com/ranch-homes-for-sale-maiden,False,False,"robots=index, follow, noimageindex",,https://www.helenharp-realty.com/ranch-homes-for-sale-maiden
https://www.helenharp-realty.com/homes-for-sale-with-garage-steele-28202-nc,200,https://www.helenharp-realty.com/homes-for-sale-with-garage-steele-28202-nc,False,False,"robots=index, follow, noimageindex",,https://www.helenharp-realty.com/homes-for-sale-with-garage-steele-28202-nc
https://www.helenharp-realty.com/two-car-garage-homes-for-sale-shelby-nc,200,https://www.helenharp-realty.com/two-car-garage-homes-for-sale-shelby-nc,False,False,"robots=index, follow, noimageindex",,https://www.helenharp-realty.com/two-car-garage-homes-for-sale-shelby-nc
https://www.helenharp-realty.com/log-homes-for-sale-28027,200,https://www.helenharp-realty.com/log-homes-for-sale-28027,False,False,"robots=index, follow, noimageindex",,https://www.helenharp-realty.com/log-homes-for-sale-28027
https://www.helenharp-realty.com/model-homes-for-sale-fort-mill-sc,200,https://www.helenharp-realty.com/model-homes-for-sale-fort-mill-sc,False,False,"robots=index, follow, noimageindex",,https://www.helenharp-realty.com/model-homes-for-sale-fort-mill-sc
https://www.helenharp-realty.com/homes-for-sale-ashebrook-villas-sc,200,https://www.helenharp-realty.com/homes-for-sale-ashebrook-villas-sc,False,False,"robots=index, follow, noimageindex",,https://www.helenharp-realty.com/homes-for-sale-ashebrook-villas-sc
https://www.helenharp-realty.com/homes-for-sale-silverstein-nc,200,https://www.helenharp-realty.com/homes-for-sale-silverstein-nc,False,False,"robots=index, follow, noimageindex",,https://www.helenharp-realty.com/homes-for-sale-silverstein-nc
https://www.helenharp-realty.com/homes-for-sale-amberley-nc,200,https://www.helenharp-realty.com/homes-for-sale-amberley-nc,False,False,"robots=index, follow, noimageindex",,https://www.helenharp-realty.com/homes-for-sale-amberley-nc
https://www.helenharp-realty.com/one-bedroom-homes-for-sale-28031-nc,200,https://www.helenharp-realty.com/one-bedroom-homes-for-sale-28031-nc,False,False,"robots=index, follow, noimageindex",,https://www.helenharp-realty.com/one-bedroom-homes-for-sale-28031-nc
https://www.helenharp-realty.com/historic-homes-for-sale-albemarle,200,https://www.helenharp-realty.com/historic-homes-for-sale-albemarle,False,False,"robots=index, follow, noimageindex",,https://www.helenharp-realty.com/historic-homes-for-sale-albemarle
https://www.helenharp-realty.com/ranch-homes-for-sale-bessemer-city-nc,200,https://www.helenharp-realty.com/ranch-homes-for-sale-bessemer-city-nc,False,False,"robots=index, follow, noimageindex",,https://www.helenharp-realty.com/ranch-homes-for-sale-bessemer-city-nc
https://www.helenharp-realty.com/resort-homes-for-sale-edgewater,200,https://www.helenharp-realty.com/resort-homes-for-sale-edgewater,False,False,"robots=index, follow, noimageindex",,https://www.helenharp-realty.com/resort-homes-for-sale-edgewater
https://www.helenharp-realty.com/modern-homes-for-sale-28270,200,https://www.helenharp-realty.com/modern-homes-for-sale-28270,False,False,"robots=index, follow, noimageindex",,https://www.helenharp-realty.com/modern-homes-for-sale-28270
https://www.helenharp-realty.com/corner-lot-homes-for-sale-28037-nc,200,https://www.helenharp-realty.com/corner-lot-homes-for-sale-28037-nc,False,False,"robots=index, follow, noimageindex",,https://www.helenharp-realty.com/corner-lot-homes-for-sale-28037-nc
https://www.helenharp-realty.com/outdoor-kitchen-pool-homes-for-sale-gaston-county-nc,200,https://www.helenharp-realty.com/outdoor-kitchen-pool-homes-for-sale-gaston-county-nc,False,False,"robots=index, follow, noimageindex",,https://www.helenharp-realty.com/outdoor-kitchen-pool-homes-for-sale-gaston-county-nc
https://www.helenharp-realty.com/guest-homes-for-sale-28110-nc,200,https://www.helenharp-realty.com/guest-homes-for-sale-28110-nc,False,False,"robots=index, follow, noimageindex",,https://www.helenharp-realty.com/guest-homes-for-sale-28110-nc
https://www.helenharp-realty.com/homes-for-sale-with-a-pool-hickory-nc,200,https://www.helenharp-realty.com/homes-for-sale-with-a-pool-hickory-nc,False,False,"robots=index, follow, noimageindex",,https://www.helenharp-realty.com/homes-for-sale-with-a-pool-hickory-nc
https://www.helenharp-realty.com/move-in-ready-homes-for-sale-28212,200,https://www.helenharp-realty.com/move-in-ready-homes-for-sale-28212,False,False,"robots=index, follow, noimageindex",,https://www.helenharp-realty.com/move-in-ready-homes-for-sale-28212
https://www.helenharp-realty.com/guest-homes-for-sale-huntersville-nc,200,https://www.helenharp-realty.com/guest-homes-for-sale-huntersville-nc,False,False,"robots=index, follow, noimageindex",,https://www.helenharp-realty.com/guest-homes-for-sale-huntersville-nc
https://www.helenharp-realty.com/outdoor-kitchen-homes-for-sale-28115-nc,200,https://www.helenharp-realty.com/outdoor-kitchen-homes-for-sale-28115-nc,False,False,"robots=index, follow, noimageindex",,https://www.helenharp-realty.com/outdoor-kitchen-homes-for-sale-28115-nc
https://www.helenharp-realty.com/walkable-neighborhood-homes-for-sale-denver-nc,200,https://www.helenharp-realty.com/walkable-neighborhood-homes-for-sale-denver-nc,False,False,"robots=index, follow, noimageindex",,https://www.helenharp-realty.com/walkable-neighborhood-homes-for-sale-denver-nc
https://www.helenharp-realty.com/outdoor-kitchen-pool-homes-for-sale-lancaster-county-sc,200,https://www.helenharp-realty.com/outdoor-kitchen-pool-homes-for-sale-lancaster-county-sc,False,False,"robots=index, follow, noimageindex",,https://www.helenharp-realty.com/outdoor-kitchen-pool-homes-for-sale-lancaster-county-sc
https://www.helenharp-realty.com/homes-for-sale-with-a-pool-maiden-nc,200,https://www.helenharp-realty.com/homes-for-sale-with-a-pool-maiden-nc,False,False,"robots=index, follow, noimageindex",,https://www.helenharp-realty.com/homes-for-sale-with-a-pool-maiden-nc
https://www.helenharp-realty.com/multigenerational-homes-for-sale-28226,200,https://www.helenharp-realty.com/multigenerational-homes-for-sale-28226,False,False,"robots=index, follow, noimageindex",,https://www.helenharp-realty.com/multigenerational-homes-for-sale-28226
https://www.helenharp-realty.com/luxury-homes-for-sale-29707,200,https://www.helenharp-realty.com/luxury-homes-for-sale-29707,False,False,"robots=index, follow, noimageindex",,https://www.helenharp-realty.com/luxury-homes-for-sale-29707
https://www.helenharp-realty.com/walkable-neighborhood-homes-for-sale-29710-sc,200,https://www.helenharp-realty.com/walkable-neighborhood-homes-for-sale-29710-sc,False,False,"robots=index, follow, noimageindex",,https://www.helenharp-realty.com/walkable-neighborhood-homes-for-sale-29710-sc
https://www.helenharp-realty.com/value-add-homes-for-sale-sugar-creek-area-nc,200,https://www.helenharp-realty.com/value-add-homes-for-sale-sugar-creek-area-nc,False,False,"robots=index, follow, noimageindex",,https://www.helenharp-realty.com/value-add-homes-for-sale-sugar-creek-area-nc
https://www.helenharp-realty.com/quadplex-homes-for-sale-sugar-creek-area,200,https://www.helenharp-realty.com/quadplex-homes-for-sale-sugar-creek-area,False,False,"robots=index, follow, noimageindex",,https://www.helenharp-realty.com/quadplex-homes-for-sale-sugar-creek-area
https://www.helenharp-realty.com/multifamily-homes-for-sale-28209-nc,200,https://www.helenharp-realty.com/multifamily-homes-for-sale-28209-nc,False,False,"robots=index, follow, noimageindex",,https://www.helenharp-realty.com/multifamily-homes-for-sale-28209-nc
https://www.helenharp-realty.com/rental-income-homes-for-sale-28210-nc,200,https://www.helenharp-realty.com/rental-income-homes-for-sale-28210-nc,False,False,"robots=index, follow, noimageindex",,https://www.helenharp-realty.com/rental-income-homes-for-sale-28210-nc
https://www.helenharp-realty.com/value-add-homes-for-sale-wesley-heights,200,https://www.helenharp-realty.com/value-add-homes-for-sale-wesley-heights,False,False,"robots=index, follow, noimageindex",,https://www.helenharp-realty.com/value-add-homes-for-sale-wesley-heights
https://www.helenharp-realty.com/distressed-homes-for-sale-properties-28205-nc,200,https://www.helenharp-realty.com/distressed-homes-for-sale-properties-28205-nc,False,False,"robots=index, follow, noimageindex",,https://www.helenharp-realty.com/distressed-homes-for-sale-properties-28205-nc
https://www.helenharp-realty.com/quadplex-homes-for-sale-charlotte-nc,200,https://www.helenharp-realty.com/quadplex-homes-for-sale-charlotte-nc,False,False,"robots=index, follow, noimageindex",,https://www.helenharp-realty.com/quadplex-homes-for-sale-charlotte-nc
https://www.helenharp-realty.com/investment-homes-for-sale-harrisburg-nc,200,https://www.helenharp-realty.com/investment-homes-for-sale-harrisburg-nc,False,False,"robots=index, follow, noimageindex",,https://www.helenharp-realty.com/investment-homes-for-sale-harrisburg-nc
https://www.helenharp-realty.com/triplex-homes-for-sale-optimist-park,200,https://www.helenharp-realty.com/triplex-homes-for-sale-optimist-park,False,False,"robots=index, follow, noimageindex",,https://www.helenharp-realty.com/triplex-homes-for-sale-optimist-park
https://www.helenharp-realty.com/value-add-homes-for-sale-28206-nc,200,https://www.helenharp-realty.com/value-add-homes-for-sale-28206-nc,False,False,"robots=index, follow, noimageindex",,https://www.helenharp-realty.com/value-add-homes-for-sale-28206-nc
https://www.helenharp-realty.com/multifamily-homes-for-sale-29710-sc,200,https://www.helenharp-realty.com/multifamily-homes-for-sale-29710-sc,False,False,"robots=index, follow, noimageindex",,https://www.helenharp-realty.com/multifamily-homes-for-sale-29710-sc
https://www.helenharp-realty.com/multifamily-homes-for-sale-druid-hills-nc,200,https://www.helenharp-realty.com/multifamily-homes-for-sale-druid-hills-nc,False,False,"robots=index, follow, noimageindex",,https://www.helenharp-realty.com/multifamily-homes-for-sale-druid-hills-nc
https://www.helenharp-realty.com/short-term-rental-homes-for-sale-commonwealth-nc,200,https://www.helenharp-realty.com/short-term-rental-homes-for-sale-commonwealth-nc,False,False,"robots=index, follow, noimageindex",,https://www.helenharp-realty.com/short-term-rental-homes-for-sale-commonwealth-nc
https://www.helenharp-realty.com/income-producing-homes-for-sale-smallwood-nc,200,https://www.helenharp-realty.com/income-producing-homes-for-sale-smallwood-nc,False,False,"robots=index, follow, noimageindex",,https://www.helenharp-realty.com/income-producing-homes-for-sale-smallwood-nc
https://www.helenharp-realty.com/leased-homes-for-sale-optimist-park-nc,200,https://www.helenharp-realty.com/leased-homes-for-sale-optimist-park-nc,False,False,"robots=index, follow, noimageindex",,https://www.helenharp-realty.com/leased-homes-for-sale-optimist-park-nc
https://www.helenharp-realty.com/walkable-neighborhood-homes-for-sale-mcadenville-nc,200,https://www.helenharp-realty.com/walkable-neighborhood-homes-for-sale-mcadenville-nc,False,False,"robots=index, follow, noimageindex",,https://www.helenharp-realty.com/walkable-neighborhood-homes-for-sale-mcadenville-nc
https://www.helenharp-realty.com/top-rated-schools-homes-for-sale-eastover-nc,200,https://www.helenharp-realty.com/top-rated-schools-homes-for-sale-eastover-nc,False,False,"robots=index, follow, noimageindex",,https://www.helenharp-realty.com/top-rated-schools-homes-for-sale-eastover-nc
https://www.helenharp-realty.com/homes-for-sale-corp-relocation-management-cherokee-falls-sc,200,https://www.helenharp-realty.com/homes-for-sale-corp-relocation-management-cherokee-falls-sc,False,False,"robots=index, follow, noimageindex",,https://www.helenharp-realty.com/homes-for-sale-corp-relocation-management-cherokee-falls-sc
https://www.helenharp-realty.com/townhomes-for-sale-28217-nc,200,https://www.helenharp-realty.com/townhomes-for-sale-28217-nc,False,False,"robots=index, follow, noimageindex",,https://www.helenharp-realty.com/townhomes-for-sale-28217-nc
https://www.helenharp-realty.com/townhomes-for-sale-sedgefield-nc,200,https://www.helenharp-realty.com/townhomes-for-sale-sedgefield-nc,False,False,"robots=index, follow, noimageindex",,https://www.helenharp-realty.com/townhomes-for-sale-sedgefield-nc
https://www.helenharp-realty.com/homes-for-sale-corp-relocation-management-lowell-nc,200,https://www.helenharp-realty.com/homes-for-sale-corp-relocation-management-lowell-nc,False,False,"robots=index, follow, noimageindex",,https://www.helenharp-realty.com/homes-for-sale-corp-relocation-management-lowell-nc
https://www.helenharp-realty.com/move-in-ready-homes-for-sale-29732-sc,200,https://www.helenharp-realty.com/move-in-ready-homes-for-sale-29732-sc,False,False,"robots=index, follow, noimageindex",,https://www.helenharp-realty.com/move-in-ready-homes-for-sale-29732-sc
https://www.helenharp-realty.com/townhomes-for-sale-wesley-chapel-nc,200,https://www.helenharp-realty.com/townhomes-for-sale-wesley-chapel-nc,False,False,"robots=index, follow, noimageindex",,https://www.helenharp-realty.com/townhomes-for-sale-wesley-chapel-nc
https://www.helenharp-realty.com/top-rated-schools-homes-for-sale-sheffield-park-nc,200,https://www.helenharp-realty.com/top-rated-schools-homes-for-sale-sheffield-park-nc,False,False,"robots=index, follow, noimageindex",,https://www.helenharp-realty.com/top-rated-schools-homes-for-sale-sheffield-park-nc
https://www.helenharp-realty.com/top-rated-schools-homes-for-sale-boiling-springs-sc,200,https://www.helenharp-realty.com/top-rated-schools-homes-for-sale-boiling-springs-sc,False,False,"robots=index, follow, noimageindex",,https://www.helenharp-realty.com/top-rated-schools-homes-for-sale-boiling-springs-sc
https://www.helenharp-realty.com/townhomes-for-sale-madison-park-nc,200,https://www.helenharp-realty.com/townhomes-for-sale-madison-park-nc,False,False,"robots=index, follow, noimageindex",,https://www.helenharp-realty.com/townhomes-for-sale-madison-park-nc
https://www.helenharp-realty.com/homes-for-sale-corp-relocation-management-28207-nc,200,https://www.helenharp-realty.com/homes-for-sale-corp-relocation-management-28207-nc,False,False,"robots=index, follow, noimageindex",,https://www.helenharp-realty.com/homes-for-sale-corp-relocation-management-28207-nc
https://www.helenharp-realty.com/townhomes-for-sale-coulwood-nc,200,https://www.helenharp-realty.com/townhomes-for-sale-coulwood-nc,False,False,"robots=index, follow, noimageindex",,https://www.helenharp-realty.com/townhomes-for-sale-coulwood-nc
https://www.helenharp-realty.com/homes-for-sale-corp-relocation-management-28214-nc,200,https://www.helenharp-realty.com/homes-for-sale-corp-relocation-management-28214-nc,False,False,"robots=index, follow, noimageindex",,https://www.helenharp-realty.com/homes-for-sale-corp-relocation-management-28214-nc
https://www.helenharp-realty.com/new-construction-homes-for-sale-park-place-nc,200,https://www.helenharp-realty.com/new-construction-homes-for-sale-park-place-nc,False,False,"robots=index, follow, noimageindex",,https://www.helenharp-realty.com/new-construction-homes-for-sale-park-place-nc
https://www.helenharp-realty.com/home-office-westport-homes-for-sale-nc,200,https://www.helenharp-realty.com/home-office-westport-homes-for-sale-nc,False,False,"robots=index, follow, noimageindex",,https://www.helenharp-realty.com/home-office-westport-homes-for-sale-nc
https://www.helenharp-realty.com/studio-flex-space-homes-for-sale-myers-park-nc,200,https://www.helenharp-realty.com/studio-flex-space-homes-for-sale-myers-park-nc,False,False,"robots=index, follow, noimageindex",,https://www.helenharp-realty.com/studio-flex-space-homes-for-sale-myers-park-nc
https://www.helenharp-realty.com/home-office-india-hook-homes-for-sale-sc,200,https://www.helenharp-realty.com/home-office-india-hook-homes-for-sale-sc,False,False,"robots=index, follow, noimageindex",,https://www.helenharp-realty.com/home-office-india-hook-homes-for-sale-sc
https://www.helenharp-realty.com/home-office-homes-for-sale-28208-nc,200,https://www.helenharp-realty.com/home-office-homes-for-sale-28208-nc,False,False,"robots=index, follow, noimageindex",,https://www.helenharp-realty.com/home-office-homes-for-sale-28208-nc
https://www.helenharp-realty.com/home-office-homes-for-sale-28207-nc,200,https://www.helenharp-realty.com/home-office-homes-for-sale-28207-nc,False,False,"robots=index, follow, noimageindex",,https://www.helenharp-realty.com/home-office-homes-for-sale-28207-nc
https://www.helenharp-realty.com/home-office-28216-homes-for-sale-nc,200,https://www.helenharp-realty.com/home-office-28216-homes-for-sale-nc,False,False,"robots=index, follow, noimageindex",,https://www.helenharp-realty.com/home-office-28216-homes-for-sale-nc
https://www.helenharp-realty.com/home-office-lancaster-homes-for-sale-sc,200,https://www.helenharp-realty.com/home-office-lancaster-homes-for-sale-sc,False,False,"robots=index, follow, noimageindex",,https://www.helenharp-realty.com/home-office-lancaster-homes-for-sale-sc
https://www.helenharp-realty.com/dual-office-homes-for-sale-starmount-nc,200,https://www.helenharp-realty.com/dual-office-homes-for-sale-starmount-nc,False,False,"robots=index, follow, noimageindex",,https://www.helenharp-realty.com/dual-office-homes-for-sale-starmount-nc
https://www.helenharp-realty.com/home-office-cherokee-falls-homes-for-sale-sc,200,https://www.helenharp-realty.com/home-office-cherokee-falls-homes-for-sale-sc,False,False,"robots=index, follow, noimageindex",,https://www.helenharp-realty.com/home-office-cherokee-falls-homes-for-sale-sc
https://www.helenharp-realty.com/flex-space-homes-for-sale-28205-nc,200,https://www.helenharp-realty.com/flex-space-homes-for-sale-28205-nc,False,False,"robots=index, follow, noimageindex",,https://www.helenharp-realty.com/flex-space-homes-for-sale-28205-nc
https://www.helenharp-realty.com/dual-office-homes-for-sale-berewick-nc,200,https://www.helenharp-realty.com/dual-office-homes-for-sale-berewick-nc,False,False,"robots=index, follow, noimageindex",,https://www.helenharp-realty.com/dual-office-homes-for-sale-berewick-nc
https://www.helenharp-realty.com/studio-flex-space-homes-for-sale-davidson-nc,200,https://www.helenharp-realty.com/studio-flex-space-homes-for-sale-davidson-nc,False,False,"robots=index, follow, noimageindex",,https://www.helenharp-realty.com/studio-flex-space-homes-for-sale-davidson-nc
https://www.helenharp-realty.com/finished-basement-homes-for-sale-28205-nc,200,https://www.helenharp-realty.com/finished-basement-homes-for-sale-28205-nc,False,False,"robots=index, follow, noimageindex",,https://www.helenharp-realty.com/finished-basement-homes-for-sale-28205-nc
https://www.helenharp-realty.com/home-office-flex-homes-for-sale-28206-nc,200,https://www.helenharp-realty.com/home-office-flex-homes-for-sale-28206-nc,False,False,"robots=index, follow, noimageindex",,https://www.helenharp-realty.com/home-office-flex-homes-for-sale-28206-nc
https://www.helenharp-realty.com/studio-flex-space-homes-for-sale-statesville-nc,200,https://www.helenharp-realty.com/studio-flex-space-homes-for-sale-statesville-nc,False,False,"robots=index, follow, noimageindex",,https://www.helenharp-realty.com/studio-flex-space-homes-for-sale-statesville-nc
https://www.helenharp-realty.com/smart-home-homes-for-sale-28209-nc,200,https://www.helenharp-realty.com/smart-home-homes-for-sale-28209-nc,False,False,"robots=index, follow, noimageindex",,https://www.helenharp-realty.com/smart-home-homes-for-sale-28209-nc
https://www.helenharp-realty.com/smart-efficient-homes-for-sale-28164-nc,200,https://www.helenharp-realty.com/smart-efficient-homes-for-sale-28164-nc,False,False,"robots=index, follow, noimageindex",,https://www.helenharp-realty.com/smart-efficient-homes-for-sale-28164-nc
https://www.helenharp-realty.com/smart-efficient-homes-for-sale-clover-sc,200,https://www.helenharp-realty.com/smart-efficient-homes-for-sale-clover-sc,False,False,"robots=index, follow, noimageindex",,https://www.helenharp-realty.com/smart-efficient-homes-for-sale-clover-sc
https://www.helenharp-realty.com/smart-efficient-homes-for-sale-wadesboro-nc,200,https://www.helenharp-realty.com/smart-efficient-homes-for-sale-wadesboro-nc,False,False,"robots=index, follow, noimageindex",,https://www.helenharp-realty.com/smart-efficient-homes-for-sale-wadesboro-nc
https://www.helenharp-realty.com/smart-efficient-homes-for-sale-29710-nc,200,https://www.helenharp-realty.com/smart-efficient-homes-for-sale-29710-nc,False,False,"robots=index, follow, noimageindex",,https://www.helenharp-realty.com/smart-efficient-homes-for-sale-29710-nc
https://www.helenharp-realty.com/smart-home-homes-for-sale-country-club-heights-nc,200,https://www.helenharp-realty.com/smart-home-homes-for-sale-country-club-heights-nc,False,False,"robots=index, follow, noimageindex",,https://www.helenharp-realty.com/smart-home-homes-for-sale-country-club-heights-nc
https://www.helenharp-realty.com/smart-efficient-homes-for-sale-29710-sc,200,https://www.helenharp-realty.com/smart-efficient-homes-for-sale-29710-sc,False,False,"robots=index, follow, noimageindex",,https://www.helenharp-realty.com/smart-efficient-homes-for-sale-29710-sc
https://www.helenharp-realty.com/smart-efficient-homes-for-sale-kings-mountain-nc,200,https://www.helenharp-realty.com/smart-efficient-homes-for-sale-kings-mountain-nc,False,False,"robots=index, follow, noimageindex",,https://www.helenharp-realty.com/smart-efficient-homes-for-sale-kings-mountain-nc
https://www.helenharp-realty.com/smart-efficient-homes-for-sale-28206-nc,200,https://www.helenharp-realty.com/smart-efficient-homes-for-sale-28206-nc,False,False,"robots=index, follow, noimageindex",,https://www.helenharp-realty.com/smart-efficient-homes-for-sale-28206-nc
https://www.helenharp-realty.com/solar-panels-homes-for-sale-highland-creek-nc,200,https://www.helenharp-realty.com/solar-panels-homes-for-sale-highland-creek-nc,False,False,"robots=index, follow, noimageindex",,https://www.helenharp-realty.com/solar-panels-homes-for-sale-highland-creek-nc
https://www.helenharp-realty.com/solar-panels-homes-for-sale-28207-nc,200,https://www.helenharp-realty.com/solar-panels-homes-for-sale-28207-nc,False,False,"robots=index, follow, noimageindex",,https://www.helenharp-realty.com/solar-panels-homes-for-sale-28207-nc
https://www.helenharp-realty.com/solar-powered-homes-for-sale-hidden-valley-nc,200,https://www.helenharp-realty.com/solar-powered-homes-for-sale-hidden-valley-nc,False,False,"robots=index, follow, noimageindex",,https://www.helenharp-realty.com/solar-powered-homes-for-sale-hidden-valley-nc
https://www.helenharp-realty.com/high-efficiency-homes-for-sale-ashley-park-nc,200,https://www.helenharp-realty.com/high-efficiency-homes-for-sale-ashley-park-nc,False,False,"robots=index, follow, noimageindex",,https://www.helenharp-realty.com/high-efficiency-homes-for-sale-ashley-park-nc
https://www.helenharp-realty.com/smart-efficient-homes-for-sale-charlotte-nc,200,https://www.helenharp-realty.com/smart-efficient-homes-for-sale-charlotte-nc,False,False,"robots=index, follow, noimageindex",,https://www.helenharp-realty.com/smart-efficient-homes-for-sale-charlotte-nc
https://www.helenharp-realty.com/solar-powered-homes-for-sale-wesley-heights-nc,200,https://www.helenharp-realty.com/solar-powered-homes-for-sale-wesley-heights-nc,False,False,"robots=index, follow, noimageindex",,https://www.helenharp-realty.com/solar-powered-homes-for-sale-wesley-heights-nc
https://www.helenharp-realty.com/outdoor-living-29720-homes-for-sale-sc,200,https://www.helenharp-realty.com/outdoor-living-29720-homes-for-sale-sc,False,False,"robots=index, follow, noimageindex",,https://www.helenharp-realty.com/outdoor-living-29720-homes-for-sale-sc
https://www.helenharp-realty.com/homes-for-sale-with-a-pool-28202-nc,200,https://www.helenharp-realty.com/homes-for-sale-with-a-pool-28202-nc,False,False,"robots=index, follow, noimageindex",,https://www.helenharp-realty.com/homes-for-sale-with-a-pool-28202-nc
https://www.helenharp-realty.com/outdoor-living-charlotte-homes-for-sale-nc,200,https://www.helenharp-realty.com/outdoor-living-charlotte-homes-for-sale-nc,False,False,"robots=index, follow, noimageindex",,https://www.helenharp-realty.com/outdoor-living-charlotte-homes-for-sale-nc
https://www.helenharp-realty.com/outdoor-living-rock-hill-homes-for-sale-sc,200,https://www.helenharp-realty.com/outdoor-living-rock-hill-homes-for-sale-sc,False,False,"robots=index, follow, noimageindex",,https://www.helenharp-realty.com/outdoor-living-rock-hill-homes-for-sale-sc
https://www.helenharp-realty.com/homes-for-sale-with-a-pool-abbington-nc,200,https://www.helenharp-realty.com/homes-for-sale-with-a-pool-abbington-nc,False,False,"robots=index, follow, noimageindex",,https://www.helenharp-realty.com/homes-for-sale-with-a-pool-abbington-nc
https://www.helenharp-realty.com/homes-for-sale-with-a-pool-whispering-pines-nc,200,https://www.helenharp-realty.com/homes-for-sale-with-a-pool-whispering-pines-nc,False,False,"robots=index, follow, noimageindex",,https://www.helenharp-realty.com/homes-for-sale-with-a-pool-whispering-pines-nc
https://www.helenharp-realty.com/homes-for-sale-with-a-pool-28034-nc,200,https://www.helenharp-realty.com/homes-for-sale-with-a-pool-28034-nc,False,False,"robots=index, follow, noimageindex",,https://www.helenharp-realty.com/homes-for-sale-with-a-pool-28034-nc
https://www.helenharp-realty.com/outdoor-living-28207-homes-for-sale-nc,200,https://www.helenharp-realty.com/outdoor-living-28207-homes-for-sale-nc,False,False,"robots=index, follow, noimageindex",,https://www.helenharp-realty.com/outdoor-living-28207-homes-for-sale-nc
https://www.helenharp-realty.com/homes-for-sale-with-a-pool-prescot-nc,200,https://www.helenharp-realty.com/homes-for-sale-with-a-pool-prescot-nc,False,False,"robots=index, follow, noimageindex",,https://www.helenharp-realty.com/homes-for-sale-with-a-pool-prescot-nc
https://www.helenharp-realty.com/outdoor-living-westport-homes-for-sale-nc,200,https://www.helenharp-realty.com/outdoor-living-westport-homes-for-sale-nc,False,False,"robots=index, follow, noimageindex",,https://www.helenharp-realty.com/outdoor-living-westport-homes-for-sale-nc
https://www.helenharp-realty.com/outdoor-living-mcadenville-homes-for-sale-nc,200,https://www.helenharp-realty.com/outdoor-living-mcadenville-homes-for-sale-nc,False,False,"robots=index, follow, noimageindex",,https://www.helenharp-realty.com/outdoor-living-mcadenville-homes-for-sale-nc
https://www.helenharp-realty.com/homes-for-sale-with-a-pool-29730-sc,200,https://www.helenharp-realty.com/homes-for-sale-with-a-pool-29730-sc,False,False,"robots=index, follow, noimageindex",,https://www.helenharp-realty.com/homes-for-sale-with-a-pool-29730-sc
https://www.helenharp-realty.com/outdoor-living-28270-homes-for-sale-nc,200,https://www.helenharp-realty.com/outdoor-living-28270-homes-for-sale-nc,False,False,"robots=index, follow, noimageindex",,https://www.helenharp-realty.com/outdoor-living-28270-homes-for-sale-nc
https://www.helenharp-realty.com/homes-for-sale-with-a-pool-the-terraces-nc,200,https://www.helenharp-realty.com/homes-for-sale-with-a-pool-the-terraces-nc,False,False,"robots=index, follow, noimageindex",,https://www.helenharp-realty.com/homes-for-sale-with-a-pool-the-terraces-nc
https://www.helenharp-realty.com/outdoor-living-28211-homes-for-sale-nc,200,https://www.helenharp-realty.com/outdoor-living-28211-homes-for-sale-nc,False,False,"robots=index, follow, noimageindex",,https://www.helenharp-realty.com/outdoor-living-28211-homes-for-sale-nc
https://www.helenharp-realty.com/multi-generational-adu-homes-for-sale-lake-wylie-sc,200,https://www.helenharp-realty.com/multi-generational-adu-homes-for-sale-lake-wylie-sc,False,False,"robots=index, follow, noimageindex",,https://www.helenharp-realty.com/multi-generational-adu-homes-for-sale-lake-wylie-sc
https://www.helenharp-realty.com/guest-suite-homes-for-sale-28207-nc,200,https://www.helenharp-realty.com/guest-suite-homes-for-sale-28207-nc,False,False,"robots=index, follow, noimageindex",,https://www.helenharp-realty.com/guest-suite-homes-for-sale-28207-nc
https://www.helenharp-realty.com/multi-gen-adu-homes-for-sale-28202-nc,200,https://www.helenharp-realty.com/multi-gen-adu-homes-for-sale-28202-nc,False,False,"robots=index, follow, noimageindex",,https://www.helenharp-realty.com/multi-gen-adu-homes-for-sale-28202-nc
https://www.helenharp-realty.com/guest-suite-homes-for-sale-28205-nc,200,https://www.helenharp-realty.com/guest-suite-homes-for-sale-28205-nc,False,False,"robots=index, follow, noimageindex",,https://www.helenharp-realty.com/guest-suite-homes-for-sale-28205-nc
https://www.helenharp-realty.com/dual-primary-suite-homes-for-sale-ashley-park-nc,200,https://www.helenharp-realty.com/dual-primary-suite-homes-for-sale-ashley-park-nc,False,False,"robots=index, follow, noimageindex",,https://www.helenharp-realty.com/dual-primary-suite-homes-for-sale-ashley-park-nc
https://www.helenharp-realty.com/multi-generational-adu-homes-for-sale-28209-nc,200,https://www.helenharp-realty.com/multi-generational-adu-homes-for-sale-28209-nc,False,False,"robots=index, follow, noimageindex",,https://www.helenharp-realty.com/multi-generational-adu-homes-for-sale-28209-nc
https://www.helenharp-realty.com/multi-generational-adu-homes-for-sale-28210-nc,200,https://www.helenharp-realty.com/multi-generational-adu-homes-for-sale-28210-nc,False,False,"robots=index, follow, noimageindex",,https://www.helenharp-realty.com/multi-generational-adu-homes-for-sale-28210-nc
https://www.helenharp-realty.com/multi-generational-adu-homes-for-sale-28262-nc,200,https://www.helenharp-realty.com/multi-generational-adu-homes-for-sale-28262-nc,False,False,"robots=index, follow, noimageindex",,https://www.helenharp-realty.com/multi-generational-adu-homes-for-sale-28262-nc
https://www.helenharp-realty.com/multi-generational-adu-homes-for-sale-india-hook-sc,200,https://www.helenharp-realty.com/multi-generational-adu-homes-for-sale-india-hook-sc,False,False,"robots=index, follow, noimageindex",,https://www.helenharp-realty.com/multi-generational-adu-homes-for-sale-india-hook-sc
https://www.helenharp-realty.com/multi-generational-adu-homes-for-sale-28227-nc,200,https://www.helenharp-realty.com/multi-generational-adu-homes-for-sale-28227-nc,False,False,"robots=index, follow, noimageindex",,https://www.helenharp-realty.com/multi-generational-adu-homes-for-sale-28227-nc
https://www.helenharp-realty.com/guest-house-homes-for-sale-steele-creek-nc,200,https://www.helenharp-realty.com/guest-house-homes-for-sale-steele-creek-nc,False,False,"robots=index, follow, noimageindex",,https://www.helenharp-realty.com/guest-house-homes-for-sale-steele-creek-nc
https://www.helenharp-realty.com/multi-generational-adu-homes-for-sale-28037-nc,200,https://www.helenharp-realty.com/multi-generational-adu-homes-for-sale-28037-nc,False,False,"robots=index, follow, noimageindex",,https://www.helenharp-realty.com/multi-generational-adu-homes-for-sale-28037-nc
https://www.helenharp-realty.com/multi-generational-adu-homes-for-sale-28217-nc,200,https://www.helenharp-realty.com/multi-generational-adu-homes-for-sale-28217-nc,False,False,"robots=index, follow, noimageindex",,https://www.helenharp-realty.com/multi-generational-adu-homes-for-sale-28217-nc
https://www.helenharp-realty.com/dual-primary-suite-homes-for-sale-cherry-nc,200,https://www.helenharp-realty.com/dual-primary-suite-homes-for-sale-cherry-nc,False,False,"robots=index, follow, noimageindex",,https://www.helenharp-realty.com/dual-primary-suite-homes-for-sale-cherry-nc
https://www.helenharp-realty.com/multi-generational-adu-homes-for-sale-kelton-nc,200,https://www.helenharp-realty.com/multi-generational-adu-homes-for-sale-kelton-nc,False,False,"robots=index, follow, noimageindex",,https://www.helenharp-realty.com/multi-generational-adu-homes-for-sale-kelton-nc
https://www.helenharp-realty.com/farm-and-equestrian-homes-for-sale-lake-wylie-nc,200,https://www.helenharp-realty.com/farm-and-equestrian-homes-for-sale-lake-wylie-nc,False,False,"robots=index, follow, noimageindex",,https://www.helenharp-realty.com/farm-and-equestrian-homes-for-sale-lake-wylie-nc
https://www.helenharp-realty.com/homes-for-sale-with-acreage-28208-nc,200,https://www.helenharp-realty.com/homes-for-sale-with-acreage-28208-nc,False,False,"robots=index, follow, noimageindex",,https://www.helenharp-realty.com/homes-for-sale-with-acreage-28208-nc
https://www.helenharp-realty.com/farm-and-equestrian-homes-for-sale-29720-sc,200,https://www.helenharp-realty.com/farm-and-equestrian-homes-for-sale-29720-sc,False,False,"robots=index, follow, noimageindex",,https://www.helenharp-realty.com/farm-and-equestrian-homes-for-sale-29720-sc
https://www.helenharp-realty.com/homes-for-sale-with-acreage-28138-nc,200,https://www.helenharp-realty.com/homes-for-sale-with-acreage-28138-nc,False,False,"robots=index, follow, noimageindex",,https://www.helenharp-realty.com/homes-for-sale-with-acreage-28138-nc
https://www.helenharp-realty.com/homes-for-sale-with-acreage-28163-nc,200,https://www.helenharp-realty.com/homes-for-sale-with-acreage-28163-nc,False,False,"robots=index, follow, noimageindex",,https://www.helenharp-realty.com/homes-for-sale-with-acreage-28163-nc
https://www.helenharp-realty.com/farm-and-equestrian-homes-for-sale-charlotte-nc,200,https://www.helenharp-realty.com/farm-and-equestrian-homes-for-sale-charlotte-nc,False,False,"robots=index, follow, noimageindex",,https://www.helenharp-realty.com/farm-and-equestrian-homes-for-sale-charlotte-nc
https://www.helenharp-realty.com/homes-for-sale-with-acreage-lawson,200,https://www.helenharp-realty.com/homes-for-sale-with-acreage-lawson,False,False,"robots=index, follow, noimageindex",,https://www.helenharp-realty.com/homes-for-sale-with-acreage-lawson
https://www.helenharp-realty.com/barn-stable-homes-for-sale-monroe-nc,200,https://www.helenharp-realty.com/barn-stable-homes-for-sale-monroe-nc,False,False,"robots=index, follow, noimageindex",,https://www.helenharp-realty.com/barn-stable-homes-for-sale-monroe-nc
https://www.helenharp-realty.com/homes-for-sale-with-acreage-29707-sc,200,https://www.helenharp-realty.com/homes-for-sale-with-acreage-29707-sc,False,False,"robots=index, follow, noimageindex",,https://www.helenharp-realty.com/homes-for-sale-with-acreage-29707-sc
https://www.helenharp-realty.com/homes-for-sale-with-acreage-29732-sc,200,https://www.helenharp-realty.com/homes-for-sale-with-acreage-29732-sc,False,False,"robots=index, follow, noimageindex",,https://www.helenharp-realty.com/homes-for-sale-with-acreage-29732-sc
https://www.helenharp-realty.com/homes-for-sale-with-acreage-29710-sc,200,https://www.helenharp-realty.com/homes-for-sale-with-acreage-29710-sc,False,False,"robots=index, follow, noimageindex",,https://www.helenharp-realty.com/homes-for-sale-with-acreage-29710-sc
https://www.helenharp-realty.com/farm-and-equestrian-homes-for-sale-landis-nc,200,https://www.helenharp-realty.com/farm-and-equestrian-homes-for-sale-landis-nc,False,False,"robots=index, follow, noimageindex",,https://www.helenharp-realty.com/farm-and-equestrian-homes-for-sale-landis-nc
https://www.helenharp-realty.com/barn-stable-homes-for-sale-fort-mill-sc,200,https://www.helenharp-realty.com/barn-stable-homes-for-sale-fort-mill-sc,False,False,"robots=index, follow, noimageindex",,https://www.helenharp-realty.com/barn-stable-homes-for-sale-fort-mill-sc
https://www.helenharp-realty.com/homes-for-sale-with-acreage-29730-sc,200,https://www.helenharp-realty.com/homes-for-sale-with-acreage-29730-sc,False,False,"robots=index, follow, noimageindex",,https://www.helenharp-realty.com/homes-for-sale-with-acreage-29730-sc
https://www.helenharp-realty.com/homes-for-sale-with-acreage-28214-nc,200,https://www.helenharp-realty.com/homes-for-sale-with-acreage-28214-nc,False,False,"robots=index, follow, noimageindex",,https://www.helenharp-realty.com/homes-for-sale-with-acreage-28214-nc
https://www.helenharp-realty.com/2-bedroom-condos-under-300-000-28211-nc,200,https://www.helenharp-realty.com/2-bedroom-condos-under-300-000-28211-nc,False,False,"robots=index, follow, noimageindex",,https://www.helenharp-realty.com/2-bedroom-condos-under-300-000-28211-nc
https://www.helenharp-realty.com/2-bedroom-condos-under-300-000-cornelius-nc,200,https://www.helenharp-realty.com/2-bedroom-condos-under-300-000-cornelius-nc,False,False,"robots=index, follow, noimageindex",,https://www.helenharp-realty.com/2-bedroom-condos-under-300-000-cornelius-nc
https://www.helenharp-realty.com/2-bedroom-condos-for-sale-28207-nc,200,https://www.helenharp-realty.com/2-bedroom-condos-for-sale-28207-nc,False,False,"robots=index, follow, noimageindex",,https://www.helenharp-realty.com/2-bedroom-condos-for-sale-28207-nc
https://www.helenharp-realty.com/condos-for-sale-under-500-000-catawba-county-nc,200,https://www.helenharp-realty.com/condos-for-sale-under-500-000-catawba-county-nc,False,False,"robots=index, follow, noimageindex",,https://www.helenharp-realty.com/condos-for-sale-under-500-000-catawba-county-nc
https://www.helenharp-realty.com/2-bedroom-condos-for-sale-28144-nc,200,https://www.helenharp-realty.com/2-bedroom-condos-for-sale-28144-nc,False,False,"robots=index, follow, noimageindex",,https://www.helenharp-realty.com/2-bedroom-condos-for-sale-28144-nc
https://www.helenharp-realty.com/condos-for-sale-under-900-000-28803-nc,200,https://www.helenharp-realty.com/condos-for-sale-under-900-000-28803-nc,False,False,"robots=index, follow, noimageindex",,https://www.helenharp-realty.com/condos-for-sale-under-900-000-28803-nc
https://www.helenharp-realty.com/condos-for-sale-under-900-000-28806-nc,200,https://www.helenharp-realty.com/condos-for-sale-under-900-000-28806-nc,False,False,"robots=index, follow, noimageindex",,https://www.helenharp-realty.com/condos-for-sale-under-900-000-28806-nc
https://www.helenharp-realty.com/condos-for-sale-under-1-000-000-trianon-nc,410,https://www.helenharp-realty.com/condos-for-sale-under-1-000-000-trianon-nc,True,True,,"noindex, nofollow, noarchive",
https://www.helenharp-realty.com/condos-for-sale-under-1-000-000-franciscan-terrace-nc,200,https://www.helenharp-realty.com/condos-for-sale-under-1-000-000-franciscan-terrace-nc,False,False,"robots=index, follow, noimageindex",,https://www.helenharp-realty.com/condos-for-sale-under-1-000-000-franciscan-terrace-nc
https://www.helenharp-realty.com/condos-for-sale-under-1-000-000-polk-county-nc,410,https://www.helenharp-realty.com/condos-for-sale-under-1-000-000-polk-county-nc,True,True,,"noindex, nofollow, noarchive",
https://www.helenharp-realty.com/3-bedroom-condos-for-sale-hendersonville-nc,200,https://www.helenharp-realty.com/3-bedroom-condos-for-sale-hendersonville-nc,False,False,"robots=index, follow, noimageindex",,https://www.helenharp-realty.com/3-bedroom-condos-for-sale-hendersonville-nc
https://www.helenharp-realty.com/condos-for-sale-under-900-000-myrtle-square-nc,410,https://www.helenharp-realty.com/condos-for-sale-under-900-000-myrtle-square-nc,True,True,,"noindex, nofollow, noarchive",
https://www.helenharp-realty.com/condos-for-sale-under-700-000-hickory-nc,410,https://www.helenharp-realty.com/condos-for-sale-under-700-000-hickory-nc,True,True,,"noindex, nofollow, noarchive",
https://www.helenharp-realty.com/condos-for-sale-park-west-nc,200,https://www.helenharp-realty.com/condos-for-sale-park-west-nc,False,False,"robots=index, follow, noimageindex",,https://www.helenharp-realty.com/condos-for-sale-park-west-nc
https://www.helenharp-realty.com/condos-for-sale-under-300-000-mill-creek-condominiums-nc,200,https://www.helenharp-realty.com/condos-for-sale-under-300-000-mill-creek-condominiums-nc,False,False,"robots=index, follow, noimageindex",,https://www.helenharp-realty.com/condos-for-sale-under-300-000-mill-creek-condominiums-nc
https://www.helenharp-realty.com/townhomes-for-sale-grantham-place-sc,200,https://www.helenharp-realty.com/townhomes-for-sale-grantham-place-sc,False,False,"robots=index, follow, noimageindex",,https://www.helenharp-realty.com/townhomes-for-sale-grantham-place-sc
https://www.helenharp-realty.com/townhomes-for-sale-arbor-chase-sc,200,https://www.helenharp-realty.com/townhomes-for-sale-arbor-chase-sc,False,False,"robots=index, follow, noimageindex",,https://www.helenharp-realty.com/townhomes-for-sale-arbor-chase-sc
https://www.helenharp-realty.com/townhomes-for-sale-cameron-creek-sc,200,https://www.helenharp-realty.com/townhomes-for-sale-cameron-creek-sc,False,False,"robots=index, follow, noimageindex",,https://www.helenharp-realty.com/townhomes-for-sale-cameron-creek-sc
https://www.helenharp-realty.com/townhomes-for-sale-cadia-village-matthews-nc,200,https://www.helenharp-realty.com/townhomes-for-sale-cadia-village-matthews-nc,False,False,"robots=index, follow, noimageindex",,https://www.helenharp-realty.com/townhomes-for-sale-cadia-village-matthews-nc
https://www.helenharp-realty.com/townhomes-for-sale-dukes-ridge-nc,200,https://www.helenharp-realty.com/townhomes-for-sale-dukes-ridge-nc,False,False,"robots=index, follow, noimageindex",,https://www.helenharp-realty.com/townhomes-for-sale-dukes-ridge-nc
https://www.helenharp-realty.com/townhomes-for-sale-senata-at-research-park-nc,200,https://www.helenharp-realty.com/townhomes-for-sale-senata-at-research-park-nc,False,False,"robots=index, follow, noimageindex",,https://www.helenharp-realty.com/townhomes-for-sale-senata-at-research-park-nc
https://www.helenharp-realty.com/townhomes-for-sale-cannon-village-sc,200,https://www.helenharp-realty.com/townhomes-for-sale-cannon-village-sc,False,False,"robots=index, follow, noimageindex",,https://www.helenharp-realty.com/townhomes-for-sale-cannon-village-sc
https://www.helenharp-realty.com/townhomes-for-sale-weddington-nc,200,https://www.helenharp-realty.com/townhomes-for-sale-weddington-nc,False,False,"robots=index, follow, noimageindex",,https://www.helenharp-realty.com/townhomes-for-sale-weddington-nc
https://www.helenharp-realty.com/townhomes-for-sale-enderly-park,200,https://www.helenharp-realty.com/townhomes-for-sale-enderly-park,False,False,"robots=index, follow, noimageindex",,https://www.helenharp-realty.com/townhomes-for-sale-enderly-park
https://www.helenharp-realty.com/townhomes-for-sale-walnut-creek-sc,200,https://www.helenharp-realty.com/townhomes-for-sale-walnut-creek-sc,False,False,"robots=index, follow, noimageindex",,https://www.helenharp-realty.com/townhomes-for-sale-walnut-creek-sc
https://www.helenharp-realty.com/townhomes-for-sale-hadley-at-arrowood-station-nc,200,https://www.helenharp-realty.com/townhomes-for-sale-hadley-at-arrowood-station-nc,False,False,"robots=index, follow, noimageindex",,https://www.helenharp-realty.com/townhomes-for-sale-hadley-at-arrowood-station-nc
https://www.helenharp-realty.com/townhomes-for-sale-north-end-terraces-nc,200,https://www.helenharp-realty.com/townhomes-for-sale-north-end-terraces-nc,False,False,"robots=index, follow, noimageindex",,https://www.helenharp-realty.com/townhomes-for-sale-north-end-terraces-nc
https://www.helenharp-realty.com/townhomes-for-sale-hedgecliff-townes-nc,200,https://www.helenharp-realty.com/townhomes-for-sale-hedgecliff-townes-nc,False,False,"robots=index, follow, noimageindex",,https://www.helenharp-realty.com/townhomes-for-sale-hedgecliff-townes-nc
https://www.helenharp-realty.com/townhomes-for-sale-raintree-nc,200,https://www.helenharp-realty.com/townhomes-for-sale-raintree-nc,False,False,"robots=index, follow, noimageindex",,https://www.helenharp-realty.com/townhomes-for-sale-raintree-nc
https://www.helenharp-realty.com/townhomes-for-sale-optimist-park,200,https://www.helenharp-realty.com/townhomes-for-sale-optimist-park,False,False,"robots=index, follow, noimageindex",,https://www.helenharp-realty.com/townhomes-for-sale-optimist-park
